i3wAGJaaktw,0,4
i3wAGJaaktw,1,5
i3wAGJaaktw,2,6
i3wAGJaaktw,3,7
i3wAGJaaktw,4,8
i3wAGJaaktw,5,9
i3wAGJaaktw,6,10
i3wAGJaaktw,7,11
i3wAGJaaktw,8,12
i3wAGJaaktw,9,13
i3wAGJaaktw,10,14
i3wAGJaaktw,11,15
i3wAGJaaktw,12,16
i3wAGJaaktw,13,17
i3wAGJaaktw,14,18
i3wAGJaaktw,15,19
i3wAGJaaktw,16,20
i3wAGJaaktw,17,21
i3wAGJaaktw,18,22
i3wAGJaaktw,19,23
i3wAGJaaktw,20,24
i3wAGJaaktw,21,25
i3wAGJaaktw,22,26
i3wAGJaaktw,23,27
i3wAGJaaktw,24,28
i3wAGJaaktw,25,29
i3wAGJaaktw,26,30
i3wAGJaaktw,27,31
i3wAGJaaktw,28,32
i3wAGJaaktw,29,33
i3wAGJaaktw,30,34
i3wAGJaaktw,31,35
i3wAGJaaktw,32,36
i3wAGJaaktw,33,37
i3wAGJaaktw,34,38
i3wAGJaaktw,35,39
i3wAGJaaktw,36,40
i3wAGJaaktw,37,41
i3wAGJaaktw,38,42
i3wAGJaaktw,39,43
i3wAGJaaktw,40,44
i3wAGJaaktw,41,45
i3wAGJaaktw,42,46
i3wAGJaaktw,43,47
i3wAGJaaktw,44,48
i3wAGJaaktw,45,49
i3wAGJaaktw,46,50
i3wAGJaaktw,47,51
i3wAGJaaktw,48,52
i3wAGJaaktw,49,53
i3wAGJaaktw,50,54
i3wAGJaaktw,51,55
i3wAGJaaktw,52,56
i3wAGJaaktw,53,57
i3wAGJaaktw,54,58
i3wAGJaaktw,55,59
i3wAGJaaktw,56,60
i3wAGJaaktw,57,61
i3wAGJaaktw,58,62
i3wAGJaaktw,59,63
i3wAGJaaktw,60,64
i3wAGJaaktw,61,65
i3wAGJaaktw,62,66
i3wAGJaaktw,63,67
i3wAGJaaktw,64,68
i3wAGJaaktw,65,69
i3wAGJaaktw,66,70
i3wAGJaaktw,67,71
i3wAGJaaktw,68,72
i3wAGJaaktw,69,73
i3wAGJaaktw,70,74
i3wAGJaaktw,71,75
i3wAGJaaktw,72,76
i3wAGJaaktw,73,77
i3wAGJaaktw,74,78
i3wAGJaaktw,75,79
i3wAGJaaktw,76,80
i3wAGJaaktw,77,81
i3wAGJaaktw,78,82
i3wAGJaaktw,79,83
i3wAGJaaktw,80,84
i3wAGJaaktw,81,85
i3wAGJaaktw,82,86
i3wAGJaaktw,83,87
i3wAGJaaktw,84,88
i3wAGJaaktw,85,89
i3wAGJaaktw,86,90
i3wAGJaaktw,87,91
i3wAGJaaktw,88,92
i3wAGJaaktw,89,93
i3wAGJaaktw,90,94
i3wAGJaaktw,91,95
i3wAGJaaktw,92,96
i3wAGJaaktw,93,97
i3wAGJaaktw,94,98
i3wAGJaaktw,95,99
i3wAGJaaktw,96,100
i3wAGJaaktw,97,101
i3wAGJaaktw,98,102
i3wAGJaaktw,99,103
i3wAGJaaktw,100,104
i3wAGJaaktw,101,105
i3wAGJaaktw,102,106
i3wAGJaaktw,103,107
i3wAGJaaktw,104,108
i3wAGJaaktw,105,109
i3wAGJaaktw,106,110
i3wAGJaaktw,107,111
i3wAGJaaktw,108,112
i3wAGJaaktw,109,113
i3wAGJaaktw,110,114
i3wAGJaaktw,111,115
i3wAGJaaktw,112,116
i3wAGJaaktw,113,117
i3wAGJaaktw,114,118
i3wAGJaaktw,115,119
i3wAGJaaktw,116,120
i3wAGJaaktw,117,121
i3wAGJaaktw,118,122
i3wAGJaaktw,119,123
i3wAGJaaktw,120,124
i3wAGJaaktw,121,125
i3wAGJaaktw,122,126
i3wAGJaaktw,123,127
i3wAGJaaktw,124,128
i3wAGJaaktw,125,129
i3wAGJaaktw,126,130
i3wAGJaaktw,127,131
i3wAGJaaktw,128,132
i3wAGJaaktw,129,133
i3wAGJaaktw,130,134
i3wAGJaaktw,131,135
i3wAGJaaktw,132,136
i3wAGJaaktw,133,137
i3wAGJaaktw,134,138
i3wAGJaaktw,135,139
i3wAGJaaktw,136,140
i3wAGJaaktw,137,141
i3wAGJaaktw,138,142
i3wAGJaaktw,139,143
i3wAGJaaktw,140,144
i3wAGJaaktw,141,145
i3wAGJaaktw,142,146
i3wAGJaaktw,143,147
i3wAGJaaktw,144,148
i3wAGJaaktw,145,149
i3wAGJaaktw,146,150
i3wAGJaaktw,147,151
i3wAGJaaktw,148,152
i3wAGJaaktw,149,153
i3wAGJaaktw,150,154
i3wAGJaaktw,151,155
i3wAGJaaktw,152,156
i3wAGJaaktw,153,157
i3wAGJaaktw,154,158
i3wAGJaaktw,155,159
i3wAGJaaktw,156,160
i3wAGJaaktw,157,161
i3wAGJaaktw,158,162
i3wAGJaaktw,159,163
i3wAGJaaktw,160,164
i3wAGJaaktw,161,165
i3wAGJaaktw,162,166
i3wAGJaaktw,163,167
i3wAGJaaktw,164,168
i3wAGJaaktw,165,169
i3wAGJaaktw,166,170
i3wAGJaaktw,167,171
i3wAGJaaktw,168,172
i3wAGJaaktw,169,173
i3wAGJaaktw,170,174
i3wAGJaaktw,171,175
i3wAGJaaktw,172,176
i3wAGJaaktw,173,177
i3wAGJaaktw,174,178
i3wAGJaaktw,175,179
i3wAGJaaktw,176,180
i3wAGJaaktw,177,181
i3wAGJaaktw,178,182
i3wAGJaaktw,179,183
i3wAGJaaktw,180,184
i3wAGJaaktw,181,185
i3wAGJaaktw,182,186
i3wAGJaaktw,183,187
i3wAGJaaktw,184,188
i3wAGJaaktw,185,189
i3wAGJaaktw,186,190
i3wAGJaaktw,187,191
i3wAGJaaktw,188,192
i3wAGJaaktw,189,193
i3wAGJaaktw,190,194
i3wAGJaaktw,191,195
i3wAGJaaktw,192,196
i3wAGJaaktw,193,197
i3wAGJaaktw,194,198
i3wAGJaaktw,195,199
i3wAGJaaktw,196,200
i3wAGJaaktw,197,201
i3wAGJaaktw,198,202
i3wAGJaaktw,199,203
i3wAGJaaktw,200,204
i3wAGJaaktw,201,205
i3wAGJaaktw,202,206
i3wAGJaaktw,203,207
i3wAGJaaktw,204,208
i3wAGJaaktw,205,209
i3wAGJaaktw,206,210
i3wAGJaaktw,207,211
i3wAGJaaktw,208,212
i3wAGJaaktw,209,213
i3wAGJaaktw,210,214
i3wAGJaaktw,211,215
i3wAGJaaktw,212,216
i3wAGJaaktw,213,217
i3wAGJaaktw,214,218
i3wAGJaaktw,215,219
i3wAGJaaktw,216,220
i3wAGJaaktw,217,221
i3wAGJaaktw,218,222
i3wAGJaaktw,219,223
i3wAGJaaktw,220,224
i3wAGJaaktw,221,225
i3wAGJaaktw,222,226
i3wAGJaaktw,223,227
i3wAGJaaktw,224,228
i3wAGJaaktw,225,229
i3wAGJaaktw,226,230
i3wAGJaaktw,227,231
i3wAGJaaktw,228,232
i3wAGJaaktw,229,233
i3wAGJaaktw,230,234
i3wAGJaaktw,231,235
i3wAGJaaktw,232,236
i3wAGJaaktw,233,237
i3wAGJaaktw,234,238
i3wAGJaaktw,235,239
i3wAGJaaktw,236,240
i3wAGJaaktw,237,241
i3wAGJaaktw,238,242
i3wAGJaaktw,239,243
i3wAGJaaktw,240,244
i3wAGJaaktw,241,245
i3wAGJaaktw,242,246
i3wAGJaaktw,243,247
i3wAGJaaktw,244,248
i3wAGJaaktw,245,249
i3wAGJaaktw,246,250
i3wAGJaaktw,247,251
i3wAGJaaktw,248,252
i3wAGJaaktw,249,253
i3wAGJaaktw,250,254
i3wAGJaaktw,251,255
i3wAGJaaktw,252,256
i3wAGJaaktw,253,257
i3wAGJaaktw,254,258
i3wAGJaaktw,255,259
i3wAGJaaktw,256,260
i3wAGJaaktw,257,261
i3wAGJaaktw,258,262
i3wAGJaaktw,259,263
i3wAGJaaktw,260,264
i3wAGJaaktw,261,265
i3wAGJaaktw,262,266
i3wAGJaaktw,263,267
i3wAGJaaktw,264,268
i3wAGJaaktw,265,269
i3wAGJaaktw,266,270
i3wAGJaaktw,267,271
i3wAGJaaktw,268,272
i3wAGJaaktw,269,273
i3wAGJaaktw,270,274
i3wAGJaaktw,271,275
i3wAGJaaktw,272,276
i3wAGJaaktw,273,277
i3wAGJaaktw,274,278
i3wAGJaaktw,275,279
i3wAGJaaktw,276,280
i3wAGJaaktw,277,281
i3wAGJaaktw,278,282
i3wAGJaaktw,279,283
i3wAGJaaktw,280,284
i3wAGJaaktw,281,285
i3wAGJaaktw,282,286
i3wAGJaaktw,283,287
i3wAGJaaktw,284,288
i3wAGJaaktw,285,289
i3wAGJaaktw,286,290
i3wAGJaaktw,287,291
i3wAGJaaktw,288,292
i3wAGJaaktw,289,293
i3wAGJaaktw,290,294
i3wAGJaaktw,291,295
i3wAGJaaktw,292,296
i3wAGJaaktw,293,297
i3wAGJaaktw,294,298
i3wAGJaaktw,295,299
i3wAGJaaktw,296,300
i3wAGJaaktw,297,301
i3wAGJaaktw,298,302
i3wAGJaaktw,299,303
i3wAGJaaktw,300,304
i3wAGJaaktw,301,305
i3wAGJaaktw,302,306
i3wAGJaaktw,303,307
i3wAGJaaktw,304,308
i3wAGJaaktw,305,309
i3wAGJaaktw,306,310
i3wAGJaaktw,307,311
i3wAGJaaktw,308,312
i3wAGJaaktw,309,313
i3wAGJaaktw,310,314
i3wAGJaaktw,311,315
i3wAGJaaktw,312,316
i3wAGJaaktw,313,317
i3wAGJaaktw,314,318
i3wAGJaaktw,315,319
i3wAGJaaktw,316,320
i3wAGJaaktw,317,321
i3wAGJaaktw,318,322
i3wAGJaaktw,319,323
i3wAGJaaktw,320,324
i3wAGJaaktw,321,325
i3wAGJaaktw,322,326
i3wAGJaaktw,323,327
i3wAGJaaktw,324,328
i3wAGJaaktw,325,329
i3wAGJaaktw,326,330
i3wAGJaaktw,327,331
i3wAGJaaktw,328,332
i3wAGJaaktw,329,333
i3wAGJaaktw,330,334
i3wAGJaaktw,331,335
i3wAGJaaktw,332,336
i3wAGJaaktw,333,337
i3wAGJaaktw,334,338
i3wAGJaaktw,335,339
i3wAGJaaktw,336,340
i3wAGJaaktw,337,341
i3wAGJaaktw,338,342
i3wAGJaaktw,339,343
i3wAGJaaktw,340,344
i3wAGJaaktw,341,345
i3wAGJaaktw,342,346
i3wAGJaaktw,343,347
i3wAGJaaktw,344,348
i3wAGJaaktw,345,349
i3wAGJaaktw,346,350
i3wAGJaaktw,347,351
i3wAGJaaktw,348,352
i3wAGJaaktw,349,353
i3wAGJaaktw,350,354
i3wAGJaaktw,351,355
i3wAGJaaktw,352,356
i3wAGJaaktw,353,357
i3wAGJaaktw,354,358
i3wAGJaaktw,355,359
i3wAGJaaktw,356,360
i3wAGJaaktw,357,361
i3wAGJaaktw,358,362
i3wAGJaaktw,359,363
i3wAGJaaktw,360,364
i3wAGJaaktw,361,365
i3wAGJaaktw,362,366
i3wAGJaaktw,363,367
i3wAGJaaktw,364,368
i3wAGJaaktw,365,369
i3wAGJaaktw,366,370
i3wAGJaaktw,367,371
i3wAGJaaktw,368,372
i3wAGJaaktw,369,373
i3wAGJaaktw,370,374
i3wAGJaaktw,371,375
i3wAGJaaktw,372,376
i3wAGJaaktw,373,377
i3wAGJaaktw,374,378
i3wAGJaaktw,375,379
i3wAGJaaktw,376,380
i3wAGJaaktw,377,381
i3wAGJaaktw,378,382
i3wAGJaaktw,379,383
i3wAGJaaktw,380,384
i3wAGJaaktw,381,385
i3wAGJaaktw,382,386
i3wAGJaaktw,383,387
i3wAGJaaktw,384,388
i3wAGJaaktw,385,389
i3wAGJaaktw,386,390
i3wAGJaaktw,387,391
i3wAGJaaktw,388,392
i3wAGJaaktw,389,393
i3wAGJaaktw,390,394
i3wAGJaaktw,391,395
i3wAGJaaktw,392,396
i3wAGJaaktw,393,397
i3wAGJaaktw,394,398
i3wAGJaaktw,395,399
i3wAGJaaktw,396,400
i3wAGJaaktw,397,401
i3wAGJaaktw,398,402
i3wAGJaaktw,399,403
i3wAGJaaktw,400,404
i3wAGJaaktw,401,405
i3wAGJaaktw,402,406
i3wAGJaaktw,403,407
i3wAGJaaktw,404,408
i3wAGJaaktw,405,409
i3wAGJaaktw,406,410
i3wAGJaaktw,407,411
i3wAGJaaktw,408,412
i3wAGJaaktw,409,413
i3wAGJaaktw,410,414
i3wAGJaaktw,411,415
i3wAGJaaktw,412,416
i3wAGJaaktw,413,417
i3wAGJaaktw,414,418
i3wAGJaaktw,415,419
i3wAGJaaktw,416,420
i3wAGJaaktw,417,421
i3wAGJaaktw,418,422
i3wAGJaaktw,419,423
i3wAGJaaktw,420,424
i3wAGJaaktw,421,425
i3wAGJaaktw,422,426
i3wAGJaaktw,423,427
i3wAGJaaktw,424,428
i3wAGJaaktw,425,429
i3wAGJaaktw,426,430
i3wAGJaaktw,427,431
i3wAGJaaktw,428,432
i3wAGJaaktw,429,433
i3wAGJaaktw,430,434
i3wAGJaaktw,431,435
i3wAGJaaktw,432,436
i3wAGJaaktw,433,437
i3wAGJaaktw,434,438
i3wAGJaaktw,435,439
i3wAGJaaktw,436,440
i3wAGJaaktw,437,441
i3wAGJaaktw,438,442
i3wAGJaaktw,439,443
i3wAGJaaktw,440,444
i3wAGJaaktw,441,445
i3wAGJaaktw,442,446
i3wAGJaaktw,443,447
i3wAGJaaktw,444,448
i3wAGJaaktw,445,449
i3wAGJaaktw,446,450
i3wAGJaaktw,447,451
i3wAGJaaktw,448,452
i3wAGJaaktw,449,453
i3wAGJaaktw,450,454
i3wAGJaaktw,451,455
i3wAGJaaktw,452,456
i3wAGJaaktw,453,457
i3wAGJaaktw,454,458
i3wAGJaaktw,455,459
i3wAGJaaktw,456,460
i3wAGJaaktw,457,461
i3wAGJaaktw,458,462
i3wAGJaaktw,459,463
i3wAGJaaktw,460,464
i3wAGJaaktw,461,465
i3wAGJaaktw,462,466
i3wAGJaaktw,463,467
i3wAGJaaktw,464,468
i3wAGJaaktw,465,469
i3wAGJaaktw,466,470
i3wAGJaaktw,467,471
i3wAGJaaktw,468,472
i3wAGJaaktw,469,473
i3wAGJaaktw,470,474
i3wAGJaaktw,471,475
i3wAGJaaktw,472,476
i3wAGJaaktw,473,477
i3wAGJaaktw,474,478
i3wAGJaaktw,475,479
i3wAGJaaktw,476,480
i3wAGJaaktw,477,481
i3wAGJaaktw,478,482
i3wAGJaaktw,479,483
i3wAGJaaktw,480,484
i3wAGJaaktw,481,485
i3wAGJaaktw,482,486
i3wAGJaaktw,483,487
i3wAGJaaktw,484,488
i3wAGJaaktw,485,489
i3wAGJaaktw,486,490
i3wAGJaaktw,487,491
i3wAGJaaktw,488,492
i3wAGJaaktw,489,493
i3wAGJaaktw,490,494
i3wAGJaaktw,491,495
i3wAGJaaktw,492,496
i3wAGJaaktw,493,497
i3wAGJaaktw,494,498
i3wAGJaaktw,495,499
i3wAGJaaktw,496,500
i3wAGJaaktw,497,501
i3wAGJaaktw,498,502
i3wAGJaaktw,499,503
i3wAGJaaktw,500,504
i3wAGJaaktw,501,505
i3wAGJaaktw,502,506
i3wAGJaaktw,503,507
i3wAGJaaktw,504,508
i3wAGJaaktw,505,509
i3wAGJaaktw,506,510
i3wAGJaaktw,507,511
i3wAGJaaktw,508,512
i3wAGJaaktw,509,513
i3wAGJaaktw,510,514
i3wAGJaaktw,511,515
i3wAGJaaktw,512,516
i3wAGJaaktw,513,517
i3wAGJaaktw,514,518
i3wAGJaaktw,515,519
i3wAGJaaktw,516,520
i3wAGJaaktw,517,521
i3wAGJaaktw,518,522
i3wAGJaaktw,519,523
i3wAGJaaktw,520,524
i3wAGJaaktw,521,525
i3wAGJaaktw,522,526
i3wAGJaaktw,523,527
i3wAGJaaktw,524,528
i3wAGJaaktw,525,529
i3wAGJaaktw,526,530
i3wAGJaaktw,527,531
i3wAGJaaktw,528,532
i3wAGJaaktw,529,533
i3wAGJaaktw,530,534
i3wAGJaaktw,531,535
i3wAGJaaktw,532,536
i3wAGJaaktw,533,537
i3wAGJaaktw,534,538
i3wAGJaaktw,535,539
i3wAGJaaktw,536,540
i3wAGJaaktw,537,541
i3wAGJaaktw,538,542
i3wAGJaaktw,539,543
i3wAGJaaktw,540,544
i3wAGJaaktw,541,545
i3wAGJaaktw,542,546
i3wAGJaaktw,543,547
i3wAGJaaktw,544,548
i3wAGJaaktw,545,549
i3wAGJaaktw,546,550
i3wAGJaaktw,547,551
i3wAGJaaktw,548,552
i3wAGJaaktw,549,553
i3wAGJaaktw,550,554
i3wAGJaaktw,551,555
i3wAGJaaktw,552,556
i3wAGJaaktw,553,557
i3wAGJaaktw,554,558
i3wAGJaaktw,555,559
i3wAGJaaktw,556,560
i3wAGJaaktw,557,561
i3wAGJaaktw,558,562
i3wAGJaaktw,559,563
i3wAGJaaktw,560,564
i3wAGJaaktw,561,565
i3wAGJaaktw,562,566
i3wAGJaaktw,563,567
i3wAGJaaktw,564,568
i3wAGJaaktw,565,569
i3wAGJaaktw,566,570
i3wAGJaaktw,567,571
i3wAGJaaktw,568,572
i3wAGJaaktw,569,573
i3wAGJaaktw,570,574
i3wAGJaaktw,571,575
i3wAGJaaktw,572,576
i3wAGJaaktw,573,577
i3wAGJaaktw,574,578
i3wAGJaaktw,575,579
i3wAGJaaktw,576,580
i3wAGJaaktw,577,581
i3wAGJaaktw,578,582
i3wAGJaaktw,579,583
i3wAGJaaktw,580,584
i3wAGJaaktw,581,585
i3wAGJaaktw,582,586
i3wAGJaaktw,583,587
i3wAGJaaktw,584,588
i3wAGJaaktw,585,589
i3wAGJaaktw,586,590
i3wAGJaaktw,587,591
i3wAGJaaktw,588,592
i3wAGJaaktw,589,593
i3wAGJaaktw,590,594
i3wAGJaaktw,591,595
i3wAGJaaktw,592,596
i3wAGJaaktw,593,597
i3wAGJaaktw,594,598
i3wAGJaaktw,595,599
Bhxk-O1Y7Ho,0,4
Bhxk-O1Y7Ho,1,5
Bhxk-O1Y7Ho,2,6
Bhxk-O1Y7Ho,3,7
Bhxk-O1Y7Ho,4,8
Bhxk-O1Y7Ho,5,9
Bhxk-O1Y7Ho,6,10
Bhxk-O1Y7Ho,7,11
Bhxk-O1Y7Ho,8,12
Bhxk-O1Y7Ho,9,13
Bhxk-O1Y7Ho,10,14
Bhxk-O1Y7Ho,11,15
Bhxk-O1Y7Ho,12,16
Bhxk-O1Y7Ho,13,17
Bhxk-O1Y7Ho,14,18
Bhxk-O1Y7Ho,15,19
Bhxk-O1Y7Ho,16,20
Bhxk-O1Y7Ho,17,21
Bhxk-O1Y7Ho,18,22
Bhxk-O1Y7Ho,19,23
Bhxk-O1Y7Ho,20,24
Bhxk-O1Y7Ho,21,25
Bhxk-O1Y7Ho,22,26
Bhxk-O1Y7Ho,23,27
Bhxk-O1Y7Ho,24,28
Bhxk-O1Y7Ho,25,29
Bhxk-O1Y7Ho,26,30
Bhxk-O1Y7Ho,27,31
Bhxk-O1Y7Ho,28,32
Bhxk-O1Y7Ho,29,33
Bhxk-O1Y7Ho,30,34
Bhxk-O1Y7Ho,31,35
Bhxk-O1Y7Ho,32,36
Bhxk-O1Y7Ho,33,37
Bhxk-O1Y7Ho,34,38
Bhxk-O1Y7Ho,35,39
Bhxk-O1Y7Ho,36,40
Bhxk-O1Y7Ho,37,41
Bhxk-O1Y7Ho,38,42
Bhxk-O1Y7Ho,39,43
Bhxk-O1Y7Ho,40,44
Bhxk-O1Y7Ho,41,45
Bhxk-O1Y7Ho,42,46
Bhxk-O1Y7Ho,43,47
Bhxk-O1Y7Ho,44,48
Bhxk-O1Y7Ho,45,49
Bhxk-O1Y7Ho,46,50
Bhxk-O1Y7Ho,47,51
Bhxk-O1Y7Ho,48,52
Bhxk-O1Y7Ho,49,53
Bhxk-O1Y7Ho,50,54
Bhxk-O1Y7Ho,51,55
Bhxk-O1Y7Ho,52,56
Bhxk-O1Y7Ho,53,57
Bhxk-O1Y7Ho,54,58
Bhxk-O1Y7Ho,55,59
Bhxk-O1Y7Ho,56,60
Bhxk-O1Y7Ho,57,61
Bhxk-O1Y7Ho,58,62
Bhxk-O1Y7Ho,59,63
Bhxk-O1Y7Ho,60,64
Bhxk-O1Y7Ho,61,65
Bhxk-O1Y7Ho,62,66
Bhxk-O1Y7Ho,63,67
Bhxk-O1Y7Ho,64,68
Bhxk-O1Y7Ho,65,69
Bhxk-O1Y7Ho,66,70
Bhxk-O1Y7Ho,67,71
Bhxk-O1Y7Ho,68,72
Bhxk-O1Y7Ho,69,73
Bhxk-O1Y7Ho,70,74
Bhxk-O1Y7Ho,71,75
Bhxk-O1Y7Ho,72,76
Bhxk-O1Y7Ho,73,77
Bhxk-O1Y7Ho,74,78
Bhxk-O1Y7Ho,75,79
Bhxk-O1Y7Ho,76,80
Bhxk-O1Y7Ho,77,81
Bhxk-O1Y7Ho,78,82
Bhxk-O1Y7Ho,79,83
Bhxk-O1Y7Ho,80,84
Bhxk-O1Y7Ho,81,85
Bhxk-O1Y7Ho,82,86
Bhxk-O1Y7Ho,83,87
Bhxk-O1Y7Ho,84,88
Bhxk-O1Y7Ho,85,89
Bhxk-O1Y7Ho,86,90
Bhxk-O1Y7Ho,87,91
Bhxk-O1Y7Ho,88,92
Bhxk-O1Y7Ho,89,93
Bhxk-O1Y7Ho,90,94
Bhxk-O1Y7Ho,91,95
Bhxk-O1Y7Ho,92,96
Bhxk-O1Y7Ho,93,97
Bhxk-O1Y7Ho,94,98
Bhxk-O1Y7Ho,95,99
Bhxk-O1Y7Ho,96,100
Bhxk-O1Y7Ho,97,101
Bhxk-O1Y7Ho,98,102
Bhxk-O1Y7Ho,99,103
Bhxk-O1Y7Ho,100,104
Bhxk-O1Y7Ho,101,105
Bhxk-O1Y7Ho,102,106
Bhxk-O1Y7Ho,103,107
Bhxk-O1Y7Ho,104,108
Bhxk-O1Y7Ho,105,109
Bhxk-O1Y7Ho,106,110
Bhxk-O1Y7Ho,107,111
Bhxk-O1Y7Ho,108,112
Bhxk-O1Y7Ho,109,113
Bhxk-O1Y7Ho,110,114
Bhxk-O1Y7Ho,111,115
Bhxk-O1Y7Ho,112,116
Bhxk-O1Y7Ho,113,117
Bhxk-O1Y7Ho,114,118
Bhxk-O1Y7Ho,115,119
Bhxk-O1Y7Ho,116,120
Bhxk-O1Y7Ho,117,121
Bhxk-O1Y7Ho,118,122
Bhxk-O1Y7Ho,119,123
Bhxk-O1Y7Ho,120,124
Bhxk-O1Y7Ho,121,125
Bhxk-O1Y7Ho,122,126
Bhxk-O1Y7Ho,123,127
Bhxk-O1Y7Ho,124,128
Bhxk-O1Y7Ho,125,129
Bhxk-O1Y7Ho,126,130
Bhxk-O1Y7Ho,127,131
Bhxk-O1Y7Ho,128,132
Bhxk-O1Y7Ho,129,133
Bhxk-O1Y7Ho,130,134
Bhxk-O1Y7Ho,131,135
Bhxk-O1Y7Ho,132,136
Bhxk-O1Y7Ho,133,137
Bhxk-O1Y7Ho,134,138
Bhxk-O1Y7Ho,135,139
Bhxk-O1Y7Ho,136,140
Bhxk-O1Y7Ho,137,141
Bhxk-O1Y7Ho,138,142
Bhxk-O1Y7Ho,139,143
Bhxk-O1Y7Ho,140,144
Bhxk-O1Y7Ho,141,145
Bhxk-O1Y7Ho,142,146
Bhxk-O1Y7Ho,143,147
Bhxk-O1Y7Ho,144,148
Bhxk-O1Y7Ho,145,149
Bhxk-O1Y7Ho,146,150
Bhxk-O1Y7Ho,147,151
Bhxk-O1Y7Ho,148,152
Bhxk-O1Y7Ho,149,153
Bhxk-O1Y7Ho,150,154
Bhxk-O1Y7Ho,151,155
Bhxk-O1Y7Ho,152,156
Bhxk-O1Y7Ho,153,157
Bhxk-O1Y7Ho,154,158
Bhxk-O1Y7Ho,155,159
Bhxk-O1Y7Ho,156,160
Bhxk-O1Y7Ho,157,161
Bhxk-O1Y7Ho,158,162
Bhxk-O1Y7Ho,159,163
Bhxk-O1Y7Ho,160,164
Bhxk-O1Y7Ho,161,165
Bhxk-O1Y7Ho,162,166
Bhxk-O1Y7Ho,163,167
Bhxk-O1Y7Ho,164,168
Bhxk-O1Y7Ho,165,169
Bhxk-O1Y7Ho,166,170
Bhxk-O1Y7Ho,167,171
Bhxk-O1Y7Ho,168,172
Bhxk-O1Y7Ho,169,173
Bhxk-O1Y7Ho,170,174
Bhxk-O1Y7Ho,171,175
Bhxk-O1Y7Ho,172,176
Bhxk-O1Y7Ho,173,177
Bhxk-O1Y7Ho,174,178
Bhxk-O1Y7Ho,175,179
Bhxk-O1Y7Ho,176,180
Bhxk-O1Y7Ho,177,181
Bhxk-O1Y7Ho,178,182
Bhxk-O1Y7Ho,179,183
Bhxk-O1Y7Ho,180,184
Bhxk-O1Y7Ho,181,185
Bhxk-O1Y7Ho,182,186
Bhxk-O1Y7Ho,183,187
Bhxk-O1Y7Ho,184,188
Bhxk-O1Y7Ho,185,189
Bhxk-O1Y7Ho,186,190
Bhxk-O1Y7Ho,187,191
Bhxk-O1Y7Ho,188,192
Bhxk-O1Y7Ho,189,193
Bhxk-O1Y7Ho,190,194
Bhxk-O1Y7Ho,191,195
Bhxk-O1Y7Ho,192,196
Bhxk-O1Y7Ho,193,197
Bhxk-O1Y7Ho,194,198
Bhxk-O1Y7Ho,195,199
Bhxk-O1Y7Ho,196,200
Bhxk-O1Y7Ho,197,201
Bhxk-O1Y7Ho,198,202
Bhxk-O1Y7Ho,199,203
Bhxk-O1Y7Ho,200,204
Bhxk-O1Y7Ho,201,205
Bhxk-O1Y7Ho,202,206
Bhxk-O1Y7Ho,203,207
Bhxk-O1Y7Ho,204,208
Bhxk-O1Y7Ho,205,209
Bhxk-O1Y7Ho,206,210
Bhxk-O1Y7Ho,207,211
Bhxk-O1Y7Ho,208,212
Bhxk-O1Y7Ho,209,213
Bhxk-O1Y7Ho,210,214
Bhxk-O1Y7Ho,211,215
Bhxk-O1Y7Ho,212,216
Bhxk-O1Y7Ho,213,217
Bhxk-O1Y7Ho,214,218
Bhxk-O1Y7Ho,215,219
Bhxk-O1Y7Ho,216,220
Bhxk-O1Y7Ho,217,221
Bhxk-O1Y7Ho,218,222
Bhxk-O1Y7Ho,219,223
Bhxk-O1Y7Ho,220,224
Bhxk-O1Y7Ho,221,225
Bhxk-O1Y7Ho,222,226
Bhxk-O1Y7Ho,223,227
Bhxk-O1Y7Ho,224,228
Bhxk-O1Y7Ho,225,229
Bhxk-O1Y7Ho,226,230
Bhxk-O1Y7Ho,227,231
Bhxk-O1Y7Ho,228,232
Bhxk-O1Y7Ho,229,233
Bhxk-O1Y7Ho,230,234
Bhxk-O1Y7Ho,231,235
Bhxk-O1Y7Ho,232,236
Bhxk-O1Y7Ho,233,237
Bhxk-O1Y7Ho,234,238
Bhxk-O1Y7Ho,235,239
Bhxk-O1Y7Ho,236,240
Bhxk-O1Y7Ho,237,241
Bhxk-O1Y7Ho,238,242
Bhxk-O1Y7Ho,239,243
Bhxk-O1Y7Ho,240,244
Bhxk-O1Y7Ho,241,245
Bhxk-O1Y7Ho,242,246
Bhxk-O1Y7Ho,243,247
Bhxk-O1Y7Ho,244,248
Bhxk-O1Y7Ho,245,249
Bhxk-O1Y7Ho,246,250
Bhxk-O1Y7Ho,247,251
Bhxk-O1Y7Ho,248,252
Bhxk-O1Y7Ho,249,253
Bhxk-O1Y7Ho,250,254
Bhxk-O1Y7Ho,251,255
Bhxk-O1Y7Ho,252,256
Bhxk-O1Y7Ho,253,257
Bhxk-O1Y7Ho,254,258
Bhxk-O1Y7Ho,255,259
Bhxk-O1Y7Ho,256,260
Bhxk-O1Y7Ho,257,261
Bhxk-O1Y7Ho,258,262
Bhxk-O1Y7Ho,259,263
Bhxk-O1Y7Ho,260,264
Bhxk-O1Y7Ho,261,265
Bhxk-O1Y7Ho,262,266
Bhxk-O1Y7Ho,263,267
Bhxk-O1Y7Ho,264,268
Bhxk-O1Y7Ho,265,269
Bhxk-O1Y7Ho,266,270
Bhxk-O1Y7Ho,267,271
Bhxk-O1Y7Ho,268,272
Bhxk-O1Y7Ho,269,273
Bhxk-O1Y7Ho,270,274
Bhxk-O1Y7Ho,271,275
Bhxk-O1Y7Ho,272,276
Bhxk-O1Y7Ho,273,277
Bhxk-O1Y7Ho,274,278
Bhxk-O1Y7Ho,275,279
Bhxk-O1Y7Ho,276,280
Bhxk-O1Y7Ho,277,281
Bhxk-O1Y7Ho,278,282
Bhxk-O1Y7Ho,279,283
Bhxk-O1Y7Ho,280,284
Bhxk-O1Y7Ho,281,285
Bhxk-O1Y7Ho,282,286
Bhxk-O1Y7Ho,283,287
Bhxk-O1Y7Ho,284,288
Bhxk-O1Y7Ho,285,289
Bhxk-O1Y7Ho,286,290
Bhxk-O1Y7Ho,287,291
Bhxk-O1Y7Ho,288,292
Bhxk-O1Y7Ho,289,293
Bhxk-O1Y7Ho,290,294
Bhxk-O1Y7Ho,291,295
Bhxk-O1Y7Ho,292,296
Bhxk-O1Y7Ho,293,297
Bhxk-O1Y7Ho,294,298
Bhxk-O1Y7Ho,295,299
Bhxk-O1Y7Ho,296,300
Bhxk-O1Y7Ho,297,301
Bhxk-O1Y7Ho,298,302
Bhxk-O1Y7Ho,299,303
Bhxk-O1Y7Ho,300,304
Bhxk-O1Y7Ho,301,305
Bhxk-O1Y7Ho,302,306
Bhxk-O1Y7Ho,303,307
Bhxk-O1Y7Ho,304,308
Bhxk-O1Y7Ho,305,309
Bhxk-O1Y7Ho,306,310
Bhxk-O1Y7Ho,307,311
Bhxk-O1Y7Ho,308,312
Bhxk-O1Y7Ho,309,313
Bhxk-O1Y7Ho,310,314
Bhxk-O1Y7Ho,311,315
Bhxk-O1Y7Ho,312,316
Bhxk-O1Y7Ho,313,317
Bhxk-O1Y7Ho,314,318
Bhxk-O1Y7Ho,315,319
Bhxk-O1Y7Ho,316,320
Bhxk-O1Y7Ho,317,321
Bhxk-O1Y7Ho,318,322
Bhxk-O1Y7Ho,319,323
Bhxk-O1Y7Ho,320,324
Bhxk-O1Y7Ho,321,325
Bhxk-O1Y7Ho,322,326
Bhxk-O1Y7Ho,323,327
Bhxk-O1Y7Ho,324,328
Bhxk-O1Y7Ho,325,329
Bhxk-O1Y7Ho,326,330
Bhxk-O1Y7Ho,327,331
Bhxk-O1Y7Ho,328,332
Bhxk-O1Y7Ho,329,333
Bhxk-O1Y7Ho,330,334
Bhxk-O1Y7Ho,331,335
Bhxk-O1Y7Ho,332,336
Bhxk-O1Y7Ho,333,337
Bhxk-O1Y7Ho,334,338
Bhxk-O1Y7Ho,335,339
Bhxk-O1Y7Ho,336,340
Bhxk-O1Y7Ho,337,341
Bhxk-O1Y7Ho,338,342
Bhxk-O1Y7Ho,339,343
Bhxk-O1Y7Ho,340,344
Bhxk-O1Y7Ho,341,345
Bhxk-O1Y7Ho,342,346
Bhxk-O1Y7Ho,343,347
Bhxk-O1Y7Ho,344,348
Bhxk-O1Y7Ho,345,349
Bhxk-O1Y7Ho,346,350
Bhxk-O1Y7Ho,347,351
Bhxk-O1Y7Ho,348,352
Bhxk-O1Y7Ho,349,353
Bhxk-O1Y7Ho,350,354
Bhxk-O1Y7Ho,351,355
Bhxk-O1Y7Ho,352,356
Bhxk-O1Y7Ho,353,357
Bhxk-O1Y7Ho,354,358
Bhxk-O1Y7Ho,355,359
Bhxk-O1Y7Ho,356,360
Bhxk-O1Y7Ho,357,361
Bhxk-O1Y7Ho,358,362
Bhxk-O1Y7Ho,359,363
Bhxk-O1Y7Ho,360,364
Bhxk-O1Y7Ho,361,365
Bhxk-O1Y7Ho,362,366
Bhxk-O1Y7Ho,363,367
Bhxk-O1Y7Ho,364,368
Bhxk-O1Y7Ho,365,369
Bhxk-O1Y7Ho,366,370
Bhxk-O1Y7Ho,367,371
Bhxk-O1Y7Ho,368,372
Bhxk-O1Y7Ho,369,373
Bhxk-O1Y7Ho,370,374
Bhxk-O1Y7Ho,371,375
Bhxk-O1Y7Ho,372,376
Bhxk-O1Y7Ho,373,377
Bhxk-O1Y7Ho,374,378
Bhxk-O1Y7Ho,375,379
Bhxk-O1Y7Ho,376,380
Bhxk-O1Y7Ho,377,381
Bhxk-O1Y7Ho,378,382
Bhxk-O1Y7Ho,379,383
Bhxk-O1Y7Ho,380,384
Bhxk-O1Y7Ho,381,385
Bhxk-O1Y7Ho,382,386
Bhxk-O1Y7Ho,383,387
Bhxk-O1Y7Ho,384,388
Bhxk-O1Y7Ho,385,389
Bhxk-O1Y7Ho,386,390
Bhxk-O1Y7Ho,387,391
Bhxk-O1Y7Ho,388,392
Bhxk-O1Y7Ho,389,393
Bhxk-O1Y7Ho,390,394
Bhxk-O1Y7Ho,391,395
Bhxk-O1Y7Ho,392,396
Bhxk-O1Y7Ho,393,397
Bhxk-O1Y7Ho,394,398
Bhxk-O1Y7Ho,395,399
Bhxk-O1Y7Ho,396,400
Bhxk-O1Y7Ho,397,401
Bhxk-O1Y7Ho,398,402
Bhxk-O1Y7Ho,399,403
Bhxk-O1Y7Ho,400,404
Bhxk-O1Y7Ho,401,405
Bhxk-O1Y7Ho,402,406
Bhxk-O1Y7Ho,403,407
Bhxk-O1Y7Ho,404,408
Bhxk-O1Y7Ho,405,409
Bhxk-O1Y7Ho,406,410
Bhxk-O1Y7Ho,407,411
Bhxk-O1Y7Ho,408,412
Bhxk-O1Y7Ho,409,413
Bhxk-O1Y7Ho,410,414
Bhxk-O1Y7Ho,411,415
Bhxk-O1Y7Ho,412,416
Bhxk-O1Y7Ho,413,417
Bhxk-O1Y7Ho,414,418
Bhxk-O1Y7Ho,415,419
Bhxk-O1Y7Ho,416,420
Bhxk-O1Y7Ho,417,421
Bhxk-O1Y7Ho,418,422
Bhxk-O1Y7Ho,419,423
Bhxk-O1Y7Ho,420,424
Bhxk-O1Y7Ho,421,425
Bhxk-O1Y7Ho,422,426
Bhxk-O1Y7Ho,423,427
Bhxk-O1Y7Ho,424,428
Bhxk-O1Y7Ho,425,429
Bhxk-O1Y7Ho,426,430
Bhxk-O1Y7Ho,427,431
Bhxk-O1Y7Ho,428,432
Bhxk-O1Y7Ho,429,433
Bhxk-O1Y7Ho,430,434
Bhxk-O1Y7Ho,431,435
Bhxk-O1Y7Ho,432,436
Bhxk-O1Y7Ho,433,437
Bhxk-O1Y7Ho,434,438
Bhxk-O1Y7Ho,435,439
Bhxk-O1Y7Ho,436,440
Bhxk-O1Y7Ho,437,441
Bhxk-O1Y7Ho,438,442
Bhxk-O1Y7Ho,439,443
Bhxk-O1Y7Ho,440,444
Bhxk-O1Y7Ho,441,445
Bhxk-O1Y7Ho,442,446
Bhxk-O1Y7Ho,443,447
Bhxk-O1Y7Ho,444,448
Bhxk-O1Y7Ho,445,449
Bhxk-O1Y7Ho,446,450
Bhxk-O1Y7Ho,447,451
Bhxk-O1Y7Ho,448,452
Bhxk-O1Y7Ho,449,453
Bhxk-O1Y7Ho,450,454
Bhxk-O1Y7Ho,451,455
Bhxk-O1Y7Ho,452,456
Bhxk-O1Y7Ho,453,457
Bhxk-O1Y7Ho,454,458
Bhxk-O1Y7Ho,455,459
Bhxk-O1Y7Ho,456,460
Bhxk-O1Y7Ho,457,461
Bhxk-O1Y7Ho,458,462
Bhxk-O1Y7Ho,459,463
Bhxk-O1Y7Ho,460,464
Bhxk-O1Y7Ho,461,465
Bhxk-O1Y7Ho,462,466
Bhxk-O1Y7Ho,463,467
Bhxk-O1Y7Ho,464,468
Bhxk-O1Y7Ho,465,469
Bhxk-O1Y7Ho,466,470
Bhxk-O1Y7Ho,467,471
Bhxk-O1Y7Ho,468,472
Bhxk-O1Y7Ho,469,473
Bhxk-O1Y7Ho,470,474
Bhxk-O1Y7Ho,471,475
Bhxk-O1Y7Ho,472,476
Bhxk-O1Y7Ho,473,477
Bhxk-O1Y7Ho,474,478
Bhxk-O1Y7Ho,475,479
Bhxk-O1Y7Ho,476,480
Bhxk-O1Y7Ho,477,481
Bhxk-O1Y7Ho,478,482
Bhxk-O1Y7Ho,479,483
Bhxk-O1Y7Ho,480,484
Bhxk-O1Y7Ho,481,485
Bhxk-O1Y7Ho,482,486
Bhxk-O1Y7Ho,483,487
Bhxk-O1Y7Ho,484,488
Bhxk-O1Y7Ho,485,489
Bhxk-O1Y7Ho,486,490
Bhxk-O1Y7Ho,487,491
Bhxk-O1Y7Ho,488,492
Bhxk-O1Y7Ho,489,493
Bhxk-O1Y7Ho,490,494
Bhxk-O1Y7Ho,491,495
Bhxk-O1Y7Ho,492,496
Bhxk-O1Y7Ho,493,497
Bhxk-O1Y7Ho,494,498
Bhxk-O1Y7Ho,495,499
Bhxk-O1Y7Ho,496,500
Bhxk-O1Y7Ho,497,501
Bhxk-O1Y7Ho,498,502
Bhxk-O1Y7Ho,499,503
Bhxk-O1Y7Ho,500,504
Bhxk-O1Y7Ho,501,505
Bhxk-O1Y7Ho,502,506
Bhxk-O1Y7Ho,503,507
Bhxk-O1Y7Ho,504,508
Bhxk-O1Y7Ho,505,509
Bhxk-O1Y7Ho,506,510
Bhxk-O1Y7Ho,507,511
Bhxk-O1Y7Ho,508,512
Bhxk-O1Y7Ho,509,513
Bhxk-O1Y7Ho,510,514
Bhxk-O1Y7Ho,511,515
Bhxk-O1Y7Ho,512,516
Bhxk-O1Y7Ho,513,517
Bhxk-O1Y7Ho,514,518
Bhxk-O1Y7Ho,515,519
Bhxk-O1Y7Ho,516,520
Bhxk-O1Y7Ho,517,521
Bhxk-O1Y7Ho,518,522
Bhxk-O1Y7Ho,519,523
Bhxk-O1Y7Ho,520,524
Bhxk-O1Y7Ho,521,525
Bhxk-O1Y7Ho,522,526
Bhxk-O1Y7Ho,523,527
Bhxk-O1Y7Ho,524,528
Bhxk-O1Y7Ho,525,529
Bhxk-O1Y7Ho,526,530
Bhxk-O1Y7Ho,527,531
Bhxk-O1Y7Ho,528,532
Bhxk-O1Y7Ho,529,533
Bhxk-O1Y7Ho,530,534
Bhxk-O1Y7Ho,531,535
Bhxk-O1Y7Ho,532,536
Bhxk-O1Y7Ho,533,537
Bhxk-O1Y7Ho,534,538
Bhxk-O1Y7Ho,535,539
Bhxk-O1Y7Ho,536,540
Bhxk-O1Y7Ho,537,541
Bhxk-O1Y7Ho,538,542
Bhxk-O1Y7Ho,539,543
Bhxk-O1Y7Ho,540,544
Bhxk-O1Y7Ho,541,545
Bhxk-O1Y7Ho,542,546
Bhxk-O1Y7Ho,543,547
Bhxk-O1Y7Ho,544,548
Bhxk-O1Y7Ho,545,549
Bhxk-O1Y7Ho,546,550
Bhxk-O1Y7Ho,547,551
Bhxk-O1Y7Ho,548,552
Bhxk-O1Y7Ho,549,553
Bhxk-O1Y7Ho,550,554
Bhxk-O1Y7Ho,551,555
Bhxk-O1Y7Ho,552,556
Bhxk-O1Y7Ho,553,557
Bhxk-O1Y7Ho,554,558
Bhxk-O1Y7Ho,555,559
Bhxk-O1Y7Ho,556,560
Bhxk-O1Y7Ho,557,561
Bhxk-O1Y7Ho,558,562
Bhxk-O1Y7Ho,559,563
Bhxk-O1Y7Ho,560,564
Bhxk-O1Y7Ho,561,565
Bhxk-O1Y7Ho,562,566
Bhxk-O1Y7Ho,563,567
Bhxk-O1Y7Ho,564,568
Bhxk-O1Y7Ho,565,569
Bhxk-O1Y7Ho,566,570
Bhxk-O1Y7Ho,567,571
Bhxk-O1Y7Ho,568,572
Bhxk-O1Y7Ho,569,573
Bhxk-O1Y7Ho,570,574
Bhxk-O1Y7Ho,571,575
Bhxk-O1Y7Ho,572,576
Bhxk-O1Y7Ho,573,577
Bhxk-O1Y7Ho,574,578
Bhxk-O1Y7Ho,575,579
Bhxk-O1Y7Ho,576,580
Bhxk-O1Y7Ho,577,581
Bhxk-O1Y7Ho,578,582
Bhxk-O1Y7Ho,579,583
Bhxk-O1Y7Ho,580,584
Bhxk-O1Y7Ho,581,585
Bhxk-O1Y7Ho,582,586
Bhxk-O1Y7Ho,583,587
Bhxk-O1Y7Ho,584,588
Bhxk-O1Y7Ho,585,589
Bhxk-O1Y7Ho,586,590
Bhxk-O1Y7Ho,587,591
Bhxk-O1Y7Ho,588,592
Bhxk-O1Y7Ho,589,593
0tmA_C6XwfM,0,4
0tmA_C6XwfM,1,5
0tmA_C6XwfM,2,6
0tmA_C6XwfM,3,7
0tmA_C6XwfM,4,8
0tmA_C6XwfM,5,9
0tmA_C6XwfM,6,10
0tmA_C6XwfM,7,11
0tmA_C6XwfM,8,12
0tmA_C6XwfM,9,13
0tmA_C6XwfM,10,14
0tmA_C6XwfM,11,15
0tmA_C6XwfM,12,16
0tmA_C6XwfM,13,17
0tmA_C6XwfM,14,18
0tmA_C6XwfM,15,19
0tmA_C6XwfM,16,20
0tmA_C6XwfM,17,21
0tmA_C6XwfM,18,22
0tmA_C6XwfM,19,23
0tmA_C6XwfM,20,24
0tmA_C6XwfM,21,25
0tmA_C6XwfM,22,26
0tmA_C6XwfM,23,27
0tmA_C6XwfM,24,28
0tmA_C6XwfM,25,29
0tmA_C6XwfM,26,30
0tmA_C6XwfM,27,31
0tmA_C6XwfM,28,32
0tmA_C6XwfM,29,33
0tmA_C6XwfM,30,34
0tmA_C6XwfM,31,35
0tmA_C6XwfM,32,36
0tmA_C6XwfM,33,37
0tmA_C6XwfM,34,38
0tmA_C6XwfM,35,39
0tmA_C6XwfM,36,40
0tmA_C6XwfM,37,41
0tmA_C6XwfM,38,42
0tmA_C6XwfM,39,43
0tmA_C6XwfM,40,44
0tmA_C6XwfM,41,45
0tmA_C6XwfM,42,46
0tmA_C6XwfM,43,47
0tmA_C6XwfM,44,48
0tmA_C6XwfM,45,49
0tmA_C6XwfM,46,50
0tmA_C6XwfM,47,51
0tmA_C6XwfM,48,52
0tmA_C6XwfM,49,53
0tmA_C6XwfM,50,54
0tmA_C6XwfM,51,55
0tmA_C6XwfM,52,56
0tmA_C6XwfM,53,57
0tmA_C6XwfM,54,58
0tmA_C6XwfM,55,59
0tmA_C6XwfM,56,60
0tmA_C6XwfM,57,61
0tmA_C6XwfM,58,62
0tmA_C6XwfM,59,63
0tmA_C6XwfM,60,64
0tmA_C6XwfM,61,65
0tmA_C6XwfM,62,66
0tmA_C6XwfM,63,67
0tmA_C6XwfM,64,68
0tmA_C6XwfM,65,69
0tmA_C6XwfM,66,70
0tmA_C6XwfM,67,71
0tmA_C6XwfM,68,72
0tmA_C6XwfM,69,73
0tmA_C6XwfM,70,74
0tmA_C6XwfM,71,75
0tmA_C6XwfM,72,76
0tmA_C6XwfM,73,77
0tmA_C6XwfM,74,78
0tmA_C6XwfM,75,79
0tmA_C6XwfM,76,80
0tmA_C6XwfM,77,81
0tmA_C6XwfM,78,82
0tmA_C6XwfM,79,83
0tmA_C6XwfM,80,84
0tmA_C6XwfM,81,85
0tmA_C6XwfM,82,86
0tmA_C6XwfM,83,87
0tmA_C6XwfM,84,88
0tmA_C6XwfM,85,89
0tmA_C6XwfM,86,90
0tmA_C6XwfM,87,91
0tmA_C6XwfM,88,92
0tmA_C6XwfM,89,93
0tmA_C6XwfM,90,94
0tmA_C6XwfM,91,95
0tmA_C6XwfM,92,96
0tmA_C6XwfM,93,97
0tmA_C6XwfM,94,98
0tmA_C6XwfM,95,99
0tmA_C6XwfM,96,100
0tmA_C6XwfM,97,101
0tmA_C6XwfM,98,102
0tmA_C6XwfM,99,103
0tmA_C6XwfM,100,104
0tmA_C6XwfM,101,105
0tmA_C6XwfM,102,106
0tmA_C6XwfM,103,107
0tmA_C6XwfM,104,108
0tmA_C6XwfM,105,109
0tmA_C6XwfM,106,110
0tmA_C6XwfM,107,111
0tmA_C6XwfM,108,112
0tmA_C6XwfM,109,113
0tmA_C6XwfM,110,114
0tmA_C6XwfM,111,115
0tmA_C6XwfM,112,116
0tmA_C6XwfM,113,117
0tmA_C6XwfM,114,118
0tmA_C6XwfM,115,119
0tmA_C6XwfM,116,120
0tmA_C6XwfM,117,121
0tmA_C6XwfM,118,122
0tmA_C6XwfM,119,123
0tmA_C6XwfM,120,124
0tmA_C6XwfM,121,125
0tmA_C6XwfM,122,126
0tmA_C6XwfM,123,127
0tmA_C6XwfM,124,128
0tmA_C6XwfM,125,129
0tmA_C6XwfM,126,130
0tmA_C6XwfM,127,131
0tmA_C6XwfM,128,132
0tmA_C6XwfM,129,133
0tmA_C6XwfM,130,134
0tmA_C6XwfM,131,135
0tmA_C6XwfM,132,136
0tmA_C6XwfM,133,137
0tmA_C6XwfM,134,138
0tmA_C6XwfM,135,139
0tmA_C6XwfM,136,140
0tmA_C6XwfM,137,141
0tmA_C6XwfM,138,142
0tmA_C6XwfM,139,143
0tmA_C6XwfM,140,144
0tmA_C6XwfM,141,145
0tmA_C6XwfM,142,146
0tmA_C6XwfM,143,147
0tmA_C6XwfM,144,148
0tmA_C6XwfM,145,149
0tmA_C6XwfM,146,150
0tmA_C6XwfM,147,151
0tmA_C6XwfM,148,152
0tmA_C6XwfM,149,153
0tmA_C6XwfM,150,154
0tmA_C6XwfM,151,155
0tmA_C6XwfM,152,156
0tmA_C6XwfM,153,157
0tmA_C6XwfM,154,158
0tmA_C6XwfM,155,159
0tmA_C6XwfM,156,160
0tmA_C6XwfM,157,161
0tmA_C6XwfM,158,162
0tmA_C6XwfM,159,163
0tmA_C6XwfM,160,164
0tmA_C6XwfM,161,165
0tmA_C6XwfM,162,166
0tmA_C6XwfM,163,167
0tmA_C6XwfM,164,168
0tmA_C6XwfM,165,169
0tmA_C6XwfM,166,170
0tmA_C6XwfM,167,171
0tmA_C6XwfM,168,172
0tmA_C6XwfM,169,173
0tmA_C6XwfM,170,174
0tmA_C6XwfM,171,175
0tmA_C6XwfM,172,176
0tmA_C6XwfM,173,177
0tmA_C6XwfM,174,178
0tmA_C6XwfM,175,179
0tmA_C6XwfM,176,180
0tmA_C6XwfM,177,181
0tmA_C6XwfM,178,182
0tmA_C6XwfM,179,183
0tmA_C6XwfM,180,184
0tmA_C6XwfM,181,185
0tmA_C6XwfM,182,186
0tmA_C6XwfM,183,187
0tmA_C6XwfM,184,188
0tmA_C6XwfM,185,189
0tmA_C6XwfM,186,190
0tmA_C6XwfM,187,191
0tmA_C6XwfM,188,192
0tmA_C6XwfM,189,193
0tmA_C6XwfM,190,194
0tmA_C6XwfM,191,195
0tmA_C6XwfM,192,196
0tmA_C6XwfM,193,197
0tmA_C6XwfM,194,198
0tmA_C6XwfM,195,199
0tmA_C6XwfM,196,200
0tmA_C6XwfM,197,201
0tmA_C6XwfM,198,202
0tmA_C6XwfM,199,203
0tmA_C6XwfM,200,204
0tmA_C6XwfM,201,205
0tmA_C6XwfM,202,206
0tmA_C6XwfM,203,207
0tmA_C6XwfM,204,208
0tmA_C6XwfM,205,209
0tmA_C6XwfM,206,210
0tmA_C6XwfM,207,211
0tmA_C6XwfM,208,212
0tmA_C6XwfM,209,213
0tmA_C6XwfM,210,214
0tmA_C6XwfM,211,215
0tmA_C6XwfM,212,216
0tmA_C6XwfM,213,217
0tmA_C6XwfM,214,218
0tmA_C6XwfM,215,219
0tmA_C6XwfM,216,220
0tmA_C6XwfM,217,221
0tmA_C6XwfM,218,222
0tmA_C6XwfM,219,223
0tmA_C6XwfM,220,224
0tmA_C6XwfM,221,225
0tmA_C6XwfM,222,226
0tmA_C6XwfM,223,227
0tmA_C6XwfM,224,228
0tmA_C6XwfM,225,229
0tmA_C6XwfM,226,230
0tmA_C6XwfM,227,231
0tmA_C6XwfM,228,232
0tmA_C6XwfM,229,233
0tmA_C6XwfM,230,234
0tmA_C6XwfM,231,235
0tmA_C6XwfM,232,236
0tmA_C6XwfM,233,237
0tmA_C6XwfM,234,238
0tmA_C6XwfM,235,239
0tmA_C6XwfM,236,240
0tmA_C6XwfM,237,241
0tmA_C6XwfM,238,242
0tmA_C6XwfM,239,243
0tmA_C6XwfM,240,244
0tmA_C6XwfM,241,245
0tmA_C6XwfM,242,246
0tmA_C6XwfM,243,247
0tmA_C6XwfM,244,248
0tmA_C6XwfM,245,249
0tmA_C6XwfM,246,250
0tmA_C6XwfM,247,251
0tmA_C6XwfM,248,252
0tmA_C6XwfM,249,253
0tmA_C6XwfM,250,254
0tmA_C6XwfM,251,255
0tmA_C6XwfM,252,256
0tmA_C6XwfM,253,257
0tmA_C6XwfM,254,258
0tmA_C6XwfM,255,259
0tmA_C6XwfM,256,260
0tmA_C6XwfM,257,261
0tmA_C6XwfM,258,262
0tmA_C6XwfM,259,263
0tmA_C6XwfM,260,264
0tmA_C6XwfM,261,265
0tmA_C6XwfM,262,266
0tmA_C6XwfM,263,267
0tmA_C6XwfM,264,268
0tmA_C6XwfM,265,269
0tmA_C6XwfM,266,270
0tmA_C6XwfM,267,271
0tmA_C6XwfM,268,272
0tmA_C6XwfM,269,273
0tmA_C6XwfM,270,274
0tmA_C6XwfM,271,275
0tmA_C6XwfM,272,276
0tmA_C6XwfM,273,277
0tmA_C6XwfM,274,278
0tmA_C6XwfM,275,279
0tmA_C6XwfM,276,280
0tmA_C6XwfM,277,281
0tmA_C6XwfM,278,282
0tmA_C6XwfM,279,283
0tmA_C6XwfM,280,284
0tmA_C6XwfM,281,285
0tmA_C6XwfM,282,286
0tmA_C6XwfM,283,287
0tmA_C6XwfM,284,288
0tmA_C6XwfM,285,289
0tmA_C6XwfM,286,290
0tmA_C6XwfM,287,291
0tmA_C6XwfM,288,292
0tmA_C6XwfM,289,293
0tmA_C6XwfM,290,294
0tmA_C6XwfM,291,295
0tmA_C6XwfM,292,296
0tmA_C6XwfM,293,297
0tmA_C6XwfM,294,298
0tmA_C6XwfM,295,299
0tmA_C6XwfM,296,300
0tmA_C6XwfM,297,301
0tmA_C6XwfM,298,302
0tmA_C6XwfM,299,303
0tmA_C6XwfM,300,304
0tmA_C6XwfM,301,305
0tmA_C6XwfM,302,306
0tmA_C6XwfM,303,307
0tmA_C6XwfM,304,308
0tmA_C6XwfM,305,309
0tmA_C6XwfM,306,310
0tmA_C6XwfM,307,311
0tmA_C6XwfM,308,312
0tmA_C6XwfM,309,313
0tmA_C6XwfM,310,314
0tmA_C6XwfM,311,315
0tmA_C6XwfM,312,316
0tmA_C6XwfM,313,317
0tmA_C6XwfM,314,318
0tmA_C6XwfM,315,319
0tmA_C6XwfM,316,320
0tmA_C6XwfM,317,321
0tmA_C6XwfM,318,322
0tmA_C6XwfM,319,323
0tmA_C6XwfM,320,324
0tmA_C6XwfM,321,325
0tmA_C6XwfM,322,326
0tmA_C6XwfM,323,327
0tmA_C6XwfM,324,328
0tmA_C6XwfM,325,329
0tmA_C6XwfM,326,330
0tmA_C6XwfM,327,331
0tmA_C6XwfM,328,332
0tmA_C6XwfM,329,333
0tmA_C6XwfM,330,334
0tmA_C6XwfM,331,335
0tmA_C6XwfM,332,336
0tmA_C6XwfM,333,337
0tmA_C6XwfM,334,338
0tmA_C6XwfM,335,339
0tmA_C6XwfM,336,340
0tmA_C6XwfM,337,341
0tmA_C6XwfM,338,342
0tmA_C6XwfM,339,343
0tmA_C6XwfM,340,344
0tmA_C6XwfM,341,345
0tmA_C6XwfM,342,346
0tmA_C6XwfM,343,347
0tmA_C6XwfM,344,348
0tmA_C6XwfM,345,349
0tmA_C6XwfM,346,350
0tmA_C6XwfM,347,351
0tmA_C6XwfM,348,352
0tmA_C6XwfM,349,353
0tmA_C6XwfM,350,354
0tmA_C6XwfM,351,355
0tmA_C6XwfM,352,356
0tmA_C6XwfM,353,357
0tmA_C6XwfM,354,358
0tmA_C6XwfM,355,359
0tmA_C6XwfM,356,360
0tmA_C6XwfM,357,361
0tmA_C6XwfM,358,362
0tmA_C6XwfM,359,363
0tmA_C6XwfM,360,364
0tmA_C6XwfM,361,365
0tmA_C6XwfM,362,366
0tmA_C6XwfM,363,367
0tmA_C6XwfM,364,368
0tmA_C6XwfM,365,369
0tmA_C6XwfM,366,370
0tmA_C6XwfM,367,371
0tmA_C6XwfM,368,372
0tmA_C6XwfM,369,373
0tmA_C6XwfM,370,374
0tmA_C6XwfM,371,375
0tmA_C6XwfM,372,376
0tmA_C6XwfM,373,377
0tmA_C6XwfM,374,378
0tmA_C6XwfM,375,379
0tmA_C6XwfM,376,380
0tmA_C6XwfM,377,381
0tmA_C6XwfM,378,382
0tmA_C6XwfM,379,383
0tmA_C6XwfM,380,384
0tmA_C6XwfM,381,385
0tmA_C6XwfM,382,386
0tmA_C6XwfM,383,387
0tmA_C6XwfM,384,388
0tmA_C6XwfM,385,389
0tmA_C6XwfM,386,390
0tmA_C6XwfM,387,391
0tmA_C6XwfM,388,392
0tmA_C6XwfM,389,393
0tmA_C6XwfM,390,394
0tmA_C6XwfM,391,395
0tmA_C6XwfM,392,396
0tmA_C6XwfM,393,397
0tmA_C6XwfM,394,398
0tmA_C6XwfM,395,399
0tmA_C6XwfM,396,400
0tmA_C6XwfM,397,401
0tmA_C6XwfM,398,402
0tmA_C6XwfM,399,403
0tmA_C6XwfM,400,404
0tmA_C6XwfM,401,405
0tmA_C6XwfM,402,406
0tmA_C6XwfM,403,407
0tmA_C6XwfM,404,408
0tmA_C6XwfM,405,409
0tmA_C6XwfM,406,410
0tmA_C6XwfM,407,411
0tmA_C6XwfM,408,412
0tmA_C6XwfM,409,413
0tmA_C6XwfM,410,414
0tmA_C6XwfM,411,415
0tmA_C6XwfM,412,416
0tmA_C6XwfM,413,417
0tmA_C6XwfM,414,418
0tmA_C6XwfM,415,419
0tmA_C6XwfM,416,420
0tmA_C6XwfM,417,421
0tmA_C6XwfM,418,422
0tmA_C6XwfM,419,423
0tmA_C6XwfM,420,424
0tmA_C6XwfM,421,425
0tmA_C6XwfM,422,426
0tmA_C6XwfM,423,427
0tmA_C6XwfM,424,428
0tmA_C6XwfM,425,429
0tmA_C6XwfM,426,430
0tmA_C6XwfM,427,431
0tmA_C6XwfM,428,432
0tmA_C6XwfM,429,433
0tmA_C6XwfM,430,434
0tmA_C6XwfM,431,435
0tmA_C6XwfM,432,436
0tmA_C6XwfM,433,437
0tmA_C6XwfM,434,438
0tmA_C6XwfM,435,439
0tmA_C6XwfM,436,440
0tmA_C6XwfM,437,441
0tmA_C6XwfM,438,442
0tmA_C6XwfM,439,443
0tmA_C6XwfM,440,444
0tmA_C6XwfM,441,445
0tmA_C6XwfM,442,446
0tmA_C6XwfM,443,447
0tmA_C6XwfM,444,448
0tmA_C6XwfM,445,449
0tmA_C6XwfM,446,450
0tmA_C6XwfM,447,451
0tmA_C6XwfM,448,452
0tmA_C6XwfM,449,453
0tmA_C6XwfM,450,454
0tmA_C6XwfM,451,455
0tmA_C6XwfM,452,456
0tmA_C6XwfM,453,457
0tmA_C6XwfM,454,458
0tmA_C6XwfM,455,459
0tmA_C6XwfM,456,460
0tmA_C6XwfM,457,461
0tmA_C6XwfM,458,462
0tmA_C6XwfM,459,463
0tmA_C6XwfM,460,464
0tmA_C6XwfM,461,465
0tmA_C6XwfM,462,466
0tmA_C6XwfM,463,467
0tmA_C6XwfM,464,468
0tmA_C6XwfM,465,469
0tmA_C6XwfM,466,470
0tmA_C6XwfM,467,471
0tmA_C6XwfM,468,472
0tmA_C6XwfM,469,473
0tmA_C6XwfM,470,474
0tmA_C6XwfM,471,475
0tmA_C6XwfM,472,476
0tmA_C6XwfM,473,477
0tmA_C6XwfM,474,478
0tmA_C6XwfM,475,479
0tmA_C6XwfM,476,480
0tmA_C6XwfM,477,481
0tmA_C6XwfM,478,482
0tmA_C6XwfM,479,483
0tmA_C6XwfM,480,484
0tmA_C6XwfM,481,485
0tmA_C6XwfM,482,486
0tmA_C6XwfM,483,487
0tmA_C6XwfM,484,488
0tmA_C6XwfM,485,489
0tmA_C6XwfM,486,490
0tmA_C6XwfM,487,491
0tmA_C6XwfM,488,492
0tmA_C6XwfM,489,493
0tmA_C6XwfM,490,494
0tmA_C6XwfM,491,495
0tmA_C6XwfM,492,496
0tmA_C6XwfM,493,497
0tmA_C6XwfM,494,498
0tmA_C6XwfM,495,499
0tmA_C6XwfM,496,500
0tmA_C6XwfM,497,501
0tmA_C6XwfM,498,502
0tmA_C6XwfM,499,503
0tmA_C6XwfM,500,504
0tmA_C6XwfM,501,505
0tmA_C6XwfM,502,506
0tmA_C6XwfM,503,507
0tmA_C6XwfM,504,508
0tmA_C6XwfM,505,509
0tmA_C6XwfM,506,510
0tmA_C6XwfM,507,511
0tmA_C6XwfM,508,512
0tmA_C6XwfM,509,513
0tmA_C6XwfM,510,514
0tmA_C6XwfM,511,515
0tmA_C6XwfM,512,516
0tmA_C6XwfM,513,517
0tmA_C6XwfM,514,518
0tmA_C6XwfM,515,519
0tmA_C6XwfM,516,520
0tmA_C6XwfM,517,521
0tmA_C6XwfM,518,522
0tmA_C6XwfM,519,523
0tmA_C6XwfM,520,524
0tmA_C6XwfM,521,525
0tmA_C6XwfM,522,526
0tmA_C6XwfM,523,527
0tmA_C6XwfM,524,528
0tmA_C6XwfM,525,529
0tmA_C6XwfM,526,530
0tmA_C6XwfM,527,531
0tmA_C6XwfM,528,532
0tmA_C6XwfM,529,533
0tmA_C6XwfM,530,534
0tmA_C6XwfM,531,535
0tmA_C6XwfM,532,536
0tmA_C6XwfM,533,537
0tmA_C6XwfM,534,538
0tmA_C6XwfM,535,539
0tmA_C6XwfM,536,540
0tmA_C6XwfM,537,541
0tmA_C6XwfM,538,542
0tmA_C6XwfM,539,543
0tmA_C6XwfM,540,544
0tmA_C6XwfM,541,545
0tmA_C6XwfM,542,546
0tmA_C6XwfM,543,547
0tmA_C6XwfM,544,548
0tmA_C6XwfM,545,549
0tmA_C6XwfM,546,550
0tmA_C6XwfM,547,551
0tmA_C6XwfM,548,552
0tmA_C6XwfM,549,553
0tmA_C6XwfM,550,554
0tmA_C6XwfM,551,555
0tmA_C6XwfM,552,556
0tmA_C6XwfM,553,557
0tmA_C6XwfM,554,558
0tmA_C6XwfM,555,559
0tmA_C6XwfM,556,560
0tmA_C6XwfM,557,561
0tmA_C6XwfM,558,562
0tmA_C6XwfM,559,563
0tmA_C6XwfM,560,564
0tmA_C6XwfM,561,565
0tmA_C6XwfM,562,566
0tmA_C6XwfM,563,567
0tmA_C6XwfM,564,568
0tmA_C6XwfM,565,569
0tmA_C6XwfM,566,570
0tmA_C6XwfM,567,571
0tmA_C6XwfM,568,572
0tmA_C6XwfM,569,573
0tmA_C6XwfM,570,574
0tmA_C6XwfM,571,575
0tmA_C6XwfM,572,576
0tmA_C6XwfM,573,577
0tmA_C6XwfM,574,578
0tmA_C6XwfM,575,579
0tmA_C6XwfM,576,580
0tmA_C6XwfM,577,581
0tmA_C6XwfM,578,582
0tmA_C6XwfM,579,583
0tmA_C6XwfM,580,584
0tmA_C6XwfM,581,585
0tmA_C6XwfM,582,586
0tmA_C6XwfM,583,587
0tmA_C6XwfM,584,588
0tmA_C6XwfM,585,589
0tmA_C6XwfM,586,590
0tmA_C6XwfM,587,591
0tmA_C6XwfM,588,592
0tmA_C6XwfM,589,593
0tmA_C6XwfM,590,594
0tmA_C6XwfM,591,595
0tmA_C6XwfM,592,596
3eYKfiOEJNs,0,4
3eYKfiOEJNs,1,5
3eYKfiOEJNs,2,6
3eYKfiOEJNs,3,7
3eYKfiOEJNs,4,8
3eYKfiOEJNs,5,9
3eYKfiOEJNs,6,10
3eYKfiOEJNs,7,11
3eYKfiOEJNs,8,12
3eYKfiOEJNs,9,13
3eYKfiOEJNs,10,14
3eYKfiOEJNs,11,15
3eYKfiOEJNs,12,16
3eYKfiOEJNs,13,17
3eYKfiOEJNs,14,18
3eYKfiOEJNs,15,19
3eYKfiOEJNs,16,20
3eYKfiOEJNs,17,21
3eYKfiOEJNs,18,22
3eYKfiOEJNs,19,23
3eYKfiOEJNs,20,24
3eYKfiOEJNs,21,25
3eYKfiOEJNs,22,26
3eYKfiOEJNs,23,27
3eYKfiOEJNs,24,28
3eYKfiOEJNs,25,29
3eYKfiOEJNs,26,30
3eYKfiOEJNs,27,31
3eYKfiOEJNs,28,32
3eYKfiOEJNs,29,33
3eYKfiOEJNs,30,34
3eYKfiOEJNs,31,35
3eYKfiOEJNs,32,36
3eYKfiOEJNs,33,37
3eYKfiOEJNs,34,38
3eYKfiOEJNs,35,39
3eYKfiOEJNs,36,40
3eYKfiOEJNs,37,41
3eYKfiOEJNs,38,42
3eYKfiOEJNs,39,43
3eYKfiOEJNs,40,44
3eYKfiOEJNs,41,45
3eYKfiOEJNs,42,46
3eYKfiOEJNs,43,47
3eYKfiOEJNs,44,48
3eYKfiOEJNs,45,49
3eYKfiOEJNs,46,50
3eYKfiOEJNs,47,51
3eYKfiOEJNs,48,52
3eYKfiOEJNs,49,53
3eYKfiOEJNs,50,54
3eYKfiOEJNs,51,55
3eYKfiOEJNs,52,56
3eYKfiOEJNs,53,57
3eYKfiOEJNs,54,58
3eYKfiOEJNs,55,59
3eYKfiOEJNs,56,60
3eYKfiOEJNs,57,61
3eYKfiOEJNs,58,62
3eYKfiOEJNs,59,63
3eYKfiOEJNs,60,64
3eYKfiOEJNs,61,65
3eYKfiOEJNs,62,66
3eYKfiOEJNs,63,67
3eYKfiOEJNs,64,68
3eYKfiOEJNs,65,69
3eYKfiOEJNs,66,70
3eYKfiOEJNs,67,71
3eYKfiOEJNs,68,72
3eYKfiOEJNs,69,73
3eYKfiOEJNs,70,74
3eYKfiOEJNs,71,75
3eYKfiOEJNs,72,76
3eYKfiOEJNs,73,77
3eYKfiOEJNs,74,78
3eYKfiOEJNs,75,79
3eYKfiOEJNs,76,80
3eYKfiOEJNs,77,81
3eYKfiOEJNs,78,82
3eYKfiOEJNs,79,83
3eYKfiOEJNs,80,84
3eYKfiOEJNs,81,85
3eYKfiOEJNs,82,86
3eYKfiOEJNs,83,87
3eYKfiOEJNs,84,88
3eYKfiOEJNs,85,89
3eYKfiOEJNs,86,90
3eYKfiOEJNs,87,91
3eYKfiOEJNs,88,92
3eYKfiOEJNs,89,93
3eYKfiOEJNs,90,94
3eYKfiOEJNs,91,95
3eYKfiOEJNs,92,96
3eYKfiOEJNs,93,97
3eYKfiOEJNs,94,98
3eYKfiOEJNs,95,99
3eYKfiOEJNs,96,100
3eYKfiOEJNs,97,101
3eYKfiOEJNs,98,102
3eYKfiOEJNs,99,103
3eYKfiOEJNs,100,104
3eYKfiOEJNs,101,105
3eYKfiOEJNs,102,106
3eYKfiOEJNs,103,107
3eYKfiOEJNs,104,108
3eYKfiOEJNs,105,109
3eYKfiOEJNs,106,110
3eYKfiOEJNs,107,111
3eYKfiOEJNs,108,112
3eYKfiOEJNs,109,113
3eYKfiOEJNs,110,114
3eYKfiOEJNs,111,115
3eYKfiOEJNs,112,116
3eYKfiOEJNs,113,117
3eYKfiOEJNs,114,118
3eYKfiOEJNs,115,119
3eYKfiOEJNs,116,120
3eYKfiOEJNs,117,121
3eYKfiOEJNs,118,122
3eYKfiOEJNs,119,123
3eYKfiOEJNs,120,124
3eYKfiOEJNs,121,125
3eYKfiOEJNs,122,126
3eYKfiOEJNs,123,127
3eYKfiOEJNs,124,128
3eYKfiOEJNs,125,129
3eYKfiOEJNs,126,130
3eYKfiOEJNs,127,131
3eYKfiOEJNs,128,132
3eYKfiOEJNs,129,133
3eYKfiOEJNs,130,134
3eYKfiOEJNs,131,135
3eYKfiOEJNs,132,136
3eYKfiOEJNs,133,137
3eYKfiOEJNs,134,138
3eYKfiOEJNs,135,139
3eYKfiOEJNs,136,140
3eYKfiOEJNs,137,141
3eYKfiOEJNs,138,142
3eYKfiOEJNs,139,143
3eYKfiOEJNs,140,144
3eYKfiOEJNs,141,145
3eYKfiOEJNs,142,146
3eYKfiOEJNs,143,147
3eYKfiOEJNs,144,148
3eYKfiOEJNs,145,149
3eYKfiOEJNs,146,150
3eYKfiOEJNs,147,151
3eYKfiOEJNs,148,152
3eYKfiOEJNs,149,153
3eYKfiOEJNs,150,154
3eYKfiOEJNs,151,155
3eYKfiOEJNs,152,156
3eYKfiOEJNs,153,157
3eYKfiOEJNs,154,158
3eYKfiOEJNs,155,159
3eYKfiOEJNs,156,160
3eYKfiOEJNs,157,161
3eYKfiOEJNs,158,162
3eYKfiOEJNs,159,163
3eYKfiOEJNs,160,164
3eYKfiOEJNs,161,165
3eYKfiOEJNs,162,166
3eYKfiOEJNs,163,167
3eYKfiOEJNs,164,168
3eYKfiOEJNs,165,169
3eYKfiOEJNs,166,170
3eYKfiOEJNs,167,171
3eYKfiOEJNs,168,172
3eYKfiOEJNs,169,173
3eYKfiOEJNs,170,174
3eYKfiOEJNs,171,175
3eYKfiOEJNs,172,176
3eYKfiOEJNs,173,177
3eYKfiOEJNs,174,178
3eYKfiOEJNs,175,179
3eYKfiOEJNs,176,180
3eYKfiOEJNs,177,181
3eYKfiOEJNs,178,182
3eYKfiOEJNs,179,183
3eYKfiOEJNs,180,184
3eYKfiOEJNs,181,185
3eYKfiOEJNs,182,186
3eYKfiOEJNs,183,187
3eYKfiOEJNs,184,188
3eYKfiOEJNs,185,189
3eYKfiOEJNs,186,190
3eYKfiOEJNs,187,191
3eYKfiOEJNs,188,192
3eYKfiOEJNs,189,193
3eYKfiOEJNs,190,194
3eYKfiOEJNs,191,195
3eYKfiOEJNs,192,196
3eYKfiOEJNs,193,197
3eYKfiOEJNs,194,198
3eYKfiOEJNs,195,199
3eYKfiOEJNs,196,200
3eYKfiOEJNs,197,201
3eYKfiOEJNs,198,202
3eYKfiOEJNs,199,203
3eYKfiOEJNs,200,204
3eYKfiOEJNs,201,205
3eYKfiOEJNs,202,206
3eYKfiOEJNs,203,207
3eYKfiOEJNs,204,208
3eYKfiOEJNs,205,209
3eYKfiOEJNs,206,210
3eYKfiOEJNs,207,211
3eYKfiOEJNs,208,212
3eYKfiOEJNs,209,213
3eYKfiOEJNs,210,214
3eYKfiOEJNs,211,215
3eYKfiOEJNs,212,216
3eYKfiOEJNs,213,217
3eYKfiOEJNs,214,218
3eYKfiOEJNs,215,219
3eYKfiOEJNs,216,220
3eYKfiOEJNs,217,221
3eYKfiOEJNs,218,222
3eYKfiOEJNs,219,223
3eYKfiOEJNs,220,224
3eYKfiOEJNs,221,225
3eYKfiOEJNs,222,226
3eYKfiOEJNs,223,227
3eYKfiOEJNs,224,228
3eYKfiOEJNs,225,229
3eYKfiOEJNs,226,230
3eYKfiOEJNs,227,231
3eYKfiOEJNs,228,232
3eYKfiOEJNs,229,233
3eYKfiOEJNs,230,234
3eYKfiOEJNs,231,235
3eYKfiOEJNs,232,236
3eYKfiOEJNs,233,237
3eYKfiOEJNs,234,238
3eYKfiOEJNs,235,239
3eYKfiOEJNs,236,240
3eYKfiOEJNs,237,241
3eYKfiOEJNs,238,242
3eYKfiOEJNs,239,243
3eYKfiOEJNs,240,244
3eYKfiOEJNs,241,245
3eYKfiOEJNs,242,246
3eYKfiOEJNs,243,247
3eYKfiOEJNs,244,248
3eYKfiOEJNs,245,249
3eYKfiOEJNs,246,250
3eYKfiOEJNs,247,251
3eYKfiOEJNs,248,252
3eYKfiOEJNs,249,253
3eYKfiOEJNs,250,254
3eYKfiOEJNs,251,255
3eYKfiOEJNs,252,256
3eYKfiOEJNs,253,257
3eYKfiOEJNs,254,258
3eYKfiOEJNs,255,259
3eYKfiOEJNs,256,260
3eYKfiOEJNs,257,261
3eYKfiOEJNs,258,262
3eYKfiOEJNs,259,263
3eYKfiOEJNs,260,264
3eYKfiOEJNs,261,265
3eYKfiOEJNs,262,266
3eYKfiOEJNs,263,267
3eYKfiOEJNs,264,268
3eYKfiOEJNs,265,269
3eYKfiOEJNs,266,270
3eYKfiOEJNs,267,271
3eYKfiOEJNs,268,272
3eYKfiOEJNs,269,273
3eYKfiOEJNs,270,274
3eYKfiOEJNs,271,275
3eYKfiOEJNs,272,276
3eYKfiOEJNs,273,277
3eYKfiOEJNs,274,278
3eYKfiOEJNs,275,279
3eYKfiOEJNs,276,280
3eYKfiOEJNs,277,281
3eYKfiOEJNs,278,282
3eYKfiOEJNs,279,283
3eYKfiOEJNs,280,284
3eYKfiOEJNs,281,285
3eYKfiOEJNs,282,286
3eYKfiOEJNs,283,287
3eYKfiOEJNs,284,288
3eYKfiOEJNs,285,289
3eYKfiOEJNs,286,290
3eYKfiOEJNs,287,291
3eYKfiOEJNs,288,292
3eYKfiOEJNs,289,293
3eYKfiOEJNs,290,294
3eYKfiOEJNs,291,295
3eYKfiOEJNs,292,296
3eYKfiOEJNs,293,297
3eYKfiOEJNs,294,298
3eYKfiOEJNs,295,299
3eYKfiOEJNs,296,300
3eYKfiOEJNs,297,301
3eYKfiOEJNs,298,302
3eYKfiOEJNs,299,303
3eYKfiOEJNs,300,304
3eYKfiOEJNs,301,305
3eYKfiOEJNs,302,306
3eYKfiOEJNs,303,307
3eYKfiOEJNs,304,308
3eYKfiOEJNs,305,309
3eYKfiOEJNs,306,310
3eYKfiOEJNs,307,311
3eYKfiOEJNs,308,312
3eYKfiOEJNs,309,313
3eYKfiOEJNs,310,314
3eYKfiOEJNs,311,315
3eYKfiOEJNs,312,316
3eYKfiOEJNs,313,317
3eYKfiOEJNs,314,318
3eYKfiOEJNs,315,319
3eYKfiOEJNs,316,320
3eYKfiOEJNs,317,321
3eYKfiOEJNs,318,322
3eYKfiOEJNs,319,323
3eYKfiOEJNs,320,324
3eYKfiOEJNs,321,325
3eYKfiOEJNs,322,326
3eYKfiOEJNs,323,327
3eYKfiOEJNs,324,328
3eYKfiOEJNs,325,329
3eYKfiOEJNs,326,330
3eYKfiOEJNs,327,331
3eYKfiOEJNs,328,332
3eYKfiOEJNs,329,333
3eYKfiOEJNs,330,334
3eYKfiOEJNs,331,335
3eYKfiOEJNs,332,336
3eYKfiOEJNs,333,337
3eYKfiOEJNs,334,338
3eYKfiOEJNs,335,339
3eYKfiOEJNs,336,340
3eYKfiOEJNs,337,341
3eYKfiOEJNs,338,342
3eYKfiOEJNs,339,343
3eYKfiOEJNs,340,344
3eYKfiOEJNs,341,345
3eYKfiOEJNs,342,346
3eYKfiOEJNs,343,347
3eYKfiOEJNs,344,348
3eYKfiOEJNs,345,349
3eYKfiOEJNs,346,350
3eYKfiOEJNs,347,351
3eYKfiOEJNs,348,352
3eYKfiOEJNs,349,353
3eYKfiOEJNs,350,354
3eYKfiOEJNs,351,355
3eYKfiOEJNs,352,356
3eYKfiOEJNs,353,357
3eYKfiOEJNs,354,358
3eYKfiOEJNs,355,359
3eYKfiOEJNs,356,360
3eYKfiOEJNs,357,361
3eYKfiOEJNs,358,362
3eYKfiOEJNs,359,363
3eYKfiOEJNs,360,364
3eYKfiOEJNs,361,365
3eYKfiOEJNs,362,366
3eYKfiOEJNs,363,367
3eYKfiOEJNs,364,368
3eYKfiOEJNs,365,369
3eYKfiOEJNs,366,370
3eYKfiOEJNs,367,371
3eYKfiOEJNs,368,372
3eYKfiOEJNs,369,373
3eYKfiOEJNs,370,374
3eYKfiOEJNs,371,375
3eYKfiOEJNs,372,376
3eYKfiOEJNs,373,377
3eYKfiOEJNs,374,378
3eYKfiOEJNs,375,379
3eYKfiOEJNs,376,380
3eYKfiOEJNs,377,381
3eYKfiOEJNs,378,382
3eYKfiOEJNs,379,383
3eYKfiOEJNs,380,384
3eYKfiOEJNs,381,385
3eYKfiOEJNs,382,386
3eYKfiOEJNs,383,387
3eYKfiOEJNs,384,388
3eYKfiOEJNs,385,389
3eYKfiOEJNs,386,390
3eYKfiOEJNs,387,391
3eYKfiOEJNs,388,392
3eYKfiOEJNs,389,393
3eYKfiOEJNs,390,394
3eYKfiOEJNs,391,395
3eYKfiOEJNs,392,396
3eYKfiOEJNs,393,397
3eYKfiOEJNs,394,398
3eYKfiOEJNs,395,399
3eYKfiOEJNs,396,400
3eYKfiOEJNs,397,401
3eYKfiOEJNs,398,402
3eYKfiOEJNs,399,403
3eYKfiOEJNs,400,404
3eYKfiOEJNs,401,405
3eYKfiOEJNs,402,406
3eYKfiOEJNs,403,407
3eYKfiOEJNs,404,408
3eYKfiOEJNs,405,409
3eYKfiOEJNs,406,410
3eYKfiOEJNs,407,411
3eYKfiOEJNs,408,412
3eYKfiOEJNs,409,413
3eYKfiOEJNs,410,414
3eYKfiOEJNs,411,415
3eYKfiOEJNs,412,416
3eYKfiOEJNs,413,417
3eYKfiOEJNs,414,418
3eYKfiOEJNs,415,419
3eYKfiOEJNs,416,420
3eYKfiOEJNs,417,421
3eYKfiOEJNs,418,422
3eYKfiOEJNs,419,423
3eYKfiOEJNs,420,424
3eYKfiOEJNs,421,425
3eYKfiOEJNs,422,426
3eYKfiOEJNs,423,427
3eYKfiOEJNs,424,428
3eYKfiOEJNs,425,429
3eYKfiOEJNs,426,430
3eYKfiOEJNs,427,431
3eYKfiOEJNs,428,432
3eYKfiOEJNs,429,433
3eYKfiOEJNs,430,434
3eYKfiOEJNs,431,435
3eYKfiOEJNs,432,436
3eYKfiOEJNs,433,437
3eYKfiOEJNs,434,438
3eYKfiOEJNs,435,439
3eYKfiOEJNs,436,440
3eYKfiOEJNs,437,441
3eYKfiOEJNs,438,442
3eYKfiOEJNs,439,443
3eYKfiOEJNs,440,444
3eYKfiOEJNs,441,445
3eYKfiOEJNs,442,446
3eYKfiOEJNs,443,447
3eYKfiOEJNs,444,448
3eYKfiOEJNs,445,449
3eYKfiOEJNs,446,450
3eYKfiOEJNs,447,451
3eYKfiOEJNs,448,452
3eYKfiOEJNs,449,453
3eYKfiOEJNs,450,454
3eYKfiOEJNs,451,455
3eYKfiOEJNs,452,456
3eYKfiOEJNs,453,457
3eYKfiOEJNs,454,458
3eYKfiOEJNs,455,459
3eYKfiOEJNs,456,460
3eYKfiOEJNs,457,461
3eYKfiOEJNs,458,462
3eYKfiOEJNs,459,463
3eYKfiOEJNs,460,464
3eYKfiOEJNs,461,465
3eYKfiOEJNs,462,466
3eYKfiOEJNs,463,467
3eYKfiOEJNs,464,468
3eYKfiOEJNs,465,469
3eYKfiOEJNs,466,470
3eYKfiOEJNs,467,471
3eYKfiOEJNs,468,472
3eYKfiOEJNs,469,473
3eYKfiOEJNs,470,474
3eYKfiOEJNs,471,475
3eYKfiOEJNs,472,476
3eYKfiOEJNs,473,477
3eYKfiOEJNs,474,478
3eYKfiOEJNs,475,479
3eYKfiOEJNs,476,480
3eYKfiOEJNs,477,481
3eYKfiOEJNs,478,482
3eYKfiOEJNs,479,483
3eYKfiOEJNs,480,484
3eYKfiOEJNs,481,485
3eYKfiOEJNs,482,486
3eYKfiOEJNs,483,487
3eYKfiOEJNs,484,488
3eYKfiOEJNs,485,489
3eYKfiOEJNs,486,490
3eYKfiOEJNs,487,491
3eYKfiOEJNs,488,492
3eYKfiOEJNs,489,493
3eYKfiOEJNs,490,494
3eYKfiOEJNs,491,495
3eYKfiOEJNs,492,496
3eYKfiOEJNs,493,497
3eYKfiOEJNs,494,498
3eYKfiOEJNs,495,499
3eYKfiOEJNs,496,500
3eYKfiOEJNs,497,501
3eYKfiOEJNs,498,502
3eYKfiOEJNs,499,503
3eYKfiOEJNs,500,504
3eYKfiOEJNs,501,505
3eYKfiOEJNs,502,506
3eYKfiOEJNs,503,507
3eYKfiOEJNs,504,508
3eYKfiOEJNs,505,509
3eYKfiOEJNs,506,510
3eYKfiOEJNs,507,511
3eYKfiOEJNs,508,512
3eYKfiOEJNs,509,513
3eYKfiOEJNs,510,514
3eYKfiOEJNs,511,515
3eYKfiOEJNs,512,516
3eYKfiOEJNs,513,517
3eYKfiOEJNs,514,518
3eYKfiOEJNs,515,519
3eYKfiOEJNs,516,520
3eYKfiOEJNs,517,521
3eYKfiOEJNs,518,522
3eYKfiOEJNs,519,523
3eYKfiOEJNs,520,524
3eYKfiOEJNs,521,525
3eYKfiOEJNs,522,526
3eYKfiOEJNs,523,527
3eYKfiOEJNs,524,528
3eYKfiOEJNs,525,529
3eYKfiOEJNs,526,530
3eYKfiOEJNs,527,531
3eYKfiOEJNs,528,532
3eYKfiOEJNs,529,533
3eYKfiOEJNs,530,534
3eYKfiOEJNs,531,535
3eYKfiOEJNs,532,536
3eYKfiOEJNs,533,537
3eYKfiOEJNs,534,538
3eYKfiOEJNs,535,539
3eYKfiOEJNs,536,540
3eYKfiOEJNs,537,541
3eYKfiOEJNs,538,542
3eYKfiOEJNs,539,543
3eYKfiOEJNs,540,544
3eYKfiOEJNs,541,545
3eYKfiOEJNs,542,546
3eYKfiOEJNs,543,547
3eYKfiOEJNs,544,548
3eYKfiOEJNs,545,549
3eYKfiOEJNs,546,550
3eYKfiOEJNs,547,551
3eYKfiOEJNs,548,552
3eYKfiOEJNs,549,553
3eYKfiOEJNs,550,554
3eYKfiOEJNs,551,555
3eYKfiOEJNs,552,556
3eYKfiOEJNs,553,557
3eYKfiOEJNs,554,558
3eYKfiOEJNs,555,559
3eYKfiOEJNs,556,560
3eYKfiOEJNs,557,561
3eYKfiOEJNs,558,562
3eYKfiOEJNs,559,563
3eYKfiOEJNs,560,564
3eYKfiOEJNs,561,565
3eYKfiOEJNs,562,566
3eYKfiOEJNs,563,567
3eYKfiOEJNs,564,568
3eYKfiOEJNs,565,569
3eYKfiOEJNs,566,570
3eYKfiOEJNs,567,571
3eYKfiOEJNs,568,572
3eYKfiOEJNs,569,573
3eYKfiOEJNs,570,574
3eYKfiOEJNs,571,575
3eYKfiOEJNs,572,576
3eYKfiOEJNs,573,577
3eYKfiOEJNs,574,578
3eYKfiOEJNs,575,579
3eYKfiOEJNs,576,580
3eYKfiOEJNs,577,581
3eYKfiOEJNs,578,582
3eYKfiOEJNs,579,583
3eYKfiOEJNs,580,584
3eYKfiOEJNs,581,585
3eYKfiOEJNs,582,586
3eYKfiOEJNs,583,587
3eYKfiOEJNs,584,588
3eYKfiOEJNs,585,589
3eYKfiOEJNs,586,590
3eYKfiOEJNs,587,591
3eYKfiOEJNs,588,592
3eYKfiOEJNs,589,593
3eYKfiOEJNs,590,594
3eYKfiOEJNs,591,595
3eYKfiOEJNs,592,596
xxdtq8mxegs,0,4
xxdtq8mxegs,1,5
xxdtq8mxegs,2,6
xxdtq8mxegs,3,7
xxdtq8mxegs,4,8
xxdtq8mxegs,5,9
xxdtq8mxegs,6,10
xxdtq8mxegs,7,11
xxdtq8mxegs,8,12
xxdtq8mxegs,9,13
xxdtq8mxegs,10,14
xxdtq8mxegs,11,15
xxdtq8mxegs,12,16
xxdtq8mxegs,13,17
xxdtq8mxegs,14,18
xxdtq8mxegs,15,19
xxdtq8mxegs,16,20
xxdtq8mxegs,17,21
xxdtq8mxegs,18,22
xxdtq8mxegs,19,23
xxdtq8mxegs,20,24
xxdtq8mxegs,21,25
xxdtq8mxegs,22,26
xxdtq8mxegs,23,27
xxdtq8mxegs,24,28
xxdtq8mxegs,25,29
xxdtq8mxegs,26,30
xxdtq8mxegs,27,31
xxdtq8mxegs,28,32
xxdtq8mxegs,29,33
xxdtq8mxegs,30,34
xxdtq8mxegs,31,35
xxdtq8mxegs,32,36
xxdtq8mxegs,33,37
xxdtq8mxegs,34,38
xxdtq8mxegs,35,39
xxdtq8mxegs,36,40
xxdtq8mxegs,37,41
xxdtq8mxegs,38,42
xxdtq8mxegs,39,43
xxdtq8mxegs,40,44
xxdtq8mxegs,41,45
xxdtq8mxegs,42,46
xxdtq8mxegs,43,47
xxdtq8mxegs,44,48
xxdtq8mxegs,45,49
xxdtq8mxegs,46,50
xxdtq8mxegs,47,51
xxdtq8mxegs,48,52
xxdtq8mxegs,49,53
xxdtq8mxegs,50,54
xxdtq8mxegs,51,55
xxdtq8mxegs,52,56
xxdtq8mxegs,53,57
xxdtq8mxegs,54,58
xxdtq8mxegs,55,59
xxdtq8mxegs,56,60
xxdtq8mxegs,57,61
xxdtq8mxegs,58,62
xxdtq8mxegs,59,63
xxdtq8mxegs,60,64
xxdtq8mxegs,61,65
xxdtq8mxegs,62,66
xxdtq8mxegs,63,67
xxdtq8mxegs,64,68
xxdtq8mxegs,65,69
xxdtq8mxegs,66,70
xxdtq8mxegs,67,71
xxdtq8mxegs,68,72
xxdtq8mxegs,69,73
xxdtq8mxegs,70,74
xxdtq8mxegs,71,75
xxdtq8mxegs,72,76
xxdtq8mxegs,73,77
xxdtq8mxegs,74,78
xxdtq8mxegs,75,79
xxdtq8mxegs,76,80
xxdtq8mxegs,77,81
xxdtq8mxegs,78,82
xxdtq8mxegs,79,83
xxdtq8mxegs,80,84
xxdtq8mxegs,81,85
xxdtq8mxegs,82,86
xxdtq8mxegs,83,87
xxdtq8mxegs,84,88
xxdtq8mxegs,85,89
xxdtq8mxegs,86,90
xxdtq8mxegs,87,91
xxdtq8mxegs,88,92
xxdtq8mxegs,89,93
xxdtq8mxegs,90,94
xxdtq8mxegs,91,95
xxdtq8mxegs,92,96
xxdtq8mxegs,93,97
xxdtq8mxegs,94,98
xxdtq8mxegs,95,99
xxdtq8mxegs,96,100
xxdtq8mxegs,97,101
xxdtq8mxegs,98,102
xxdtq8mxegs,99,103
xxdtq8mxegs,100,104
xxdtq8mxegs,101,105
xxdtq8mxegs,102,106
xxdtq8mxegs,103,107
xxdtq8mxegs,104,108
xxdtq8mxegs,105,109
xxdtq8mxegs,106,110
xxdtq8mxegs,107,111
xxdtq8mxegs,108,112
xxdtq8mxegs,109,113
xxdtq8mxegs,110,114
xxdtq8mxegs,111,115
xxdtq8mxegs,112,116
xxdtq8mxegs,113,117
xxdtq8mxegs,114,118
xxdtq8mxegs,115,119
xxdtq8mxegs,116,120
xxdtq8mxegs,117,121
xxdtq8mxegs,118,122
xxdtq8mxegs,119,123
xxdtq8mxegs,120,124
xxdtq8mxegs,121,125
xxdtq8mxegs,122,126
xxdtq8mxegs,123,127
xxdtq8mxegs,124,128
xxdtq8mxegs,125,129
xxdtq8mxegs,126,130
xxdtq8mxegs,127,131
xxdtq8mxegs,128,132
xxdtq8mxegs,129,133
xxdtq8mxegs,130,134
xxdtq8mxegs,131,135
xxdtq8mxegs,132,136
xxdtq8mxegs,133,137
xxdtq8mxegs,134,138
xxdtq8mxegs,135,139
xxdtq8mxegs,136,140
xxdtq8mxegs,137,141
xxdtq8mxegs,138,142
xxdtq8mxegs,139,143
xxdtq8mxegs,140,144
xxdtq8mxegs,141,145
xxdtq8mxegs,142,146
xxdtq8mxegs,143,147
xxdtq8mxegs,144,148
xxdtq8mxegs,145,149
xxdtq8mxegs,146,150
xxdtq8mxegs,147,151
xxdtq8mxegs,148,152
xxdtq8mxegs,149,153
xxdtq8mxegs,150,154
xxdtq8mxegs,151,155
xxdtq8mxegs,152,156
xxdtq8mxegs,153,157
xxdtq8mxegs,154,158
xxdtq8mxegs,155,159
xxdtq8mxegs,156,160
xxdtq8mxegs,157,161
xxdtq8mxegs,158,162
xxdtq8mxegs,159,163
xxdtq8mxegs,160,164
xxdtq8mxegs,161,165
xxdtq8mxegs,162,166
xxdtq8mxegs,163,167
xxdtq8mxegs,164,168
xxdtq8mxegs,165,169
xxdtq8mxegs,166,170
xxdtq8mxegs,167,171
xxdtq8mxegs,168,172
xxdtq8mxegs,169,173
xxdtq8mxegs,170,174
xxdtq8mxegs,171,175
xxdtq8mxegs,172,176
xxdtq8mxegs,173,177
xxdtq8mxegs,174,178
xxdtq8mxegs,175,179
xxdtq8mxegs,176,180
xxdtq8mxegs,177,181
xxdtq8mxegs,178,182
xxdtq8mxegs,179,183
xxdtq8mxegs,180,184
xxdtq8mxegs,181,185
xxdtq8mxegs,182,186
xxdtq8mxegs,183,187
xxdtq8mxegs,184,188
xxdtq8mxegs,185,189
xxdtq8mxegs,186,190
xxdtq8mxegs,187,191
xxdtq8mxegs,188,192
xxdtq8mxegs,189,193
xxdtq8mxegs,190,194
xxdtq8mxegs,191,195
xxdtq8mxegs,192,196
xxdtq8mxegs,193,197
xxdtq8mxegs,194,198
xxdtq8mxegs,195,199
xxdtq8mxegs,196,200
xxdtq8mxegs,197,201
xxdtq8mxegs,198,202
xxdtq8mxegs,199,203
xxdtq8mxegs,200,204
xxdtq8mxegs,201,205
xxdtq8mxegs,202,206
xxdtq8mxegs,203,207
xxdtq8mxegs,204,208
xxdtq8mxegs,205,209
xxdtq8mxegs,206,210
xxdtq8mxegs,207,211
xxdtq8mxegs,208,212
xxdtq8mxegs,209,213
xxdtq8mxegs,210,214
xxdtq8mxegs,211,215
xxdtq8mxegs,212,216
xxdtq8mxegs,213,217
xxdtq8mxegs,214,218
xxdtq8mxegs,215,219
xxdtq8mxegs,216,220
xxdtq8mxegs,217,221
xxdtq8mxegs,218,222
xxdtq8mxegs,219,223
xxdtq8mxegs,220,224
xxdtq8mxegs,221,225
xxdtq8mxegs,222,226
xxdtq8mxegs,223,227
xxdtq8mxegs,224,228
xxdtq8mxegs,225,229
xxdtq8mxegs,226,230
xxdtq8mxegs,227,231
xxdtq8mxegs,228,232
xxdtq8mxegs,229,233
xxdtq8mxegs,230,234
xxdtq8mxegs,231,235
xxdtq8mxegs,232,236
xxdtq8mxegs,233,237
xxdtq8mxegs,234,238
xxdtq8mxegs,235,239
xxdtq8mxegs,236,240
xxdtq8mxegs,237,241
xxdtq8mxegs,238,242
xxdtq8mxegs,239,243
xxdtq8mxegs,240,244
xxdtq8mxegs,241,245
xxdtq8mxegs,242,246
xxdtq8mxegs,243,247
xxdtq8mxegs,244,248
xxdtq8mxegs,245,249
xxdtq8mxegs,246,250
xxdtq8mxegs,247,251
xxdtq8mxegs,248,252
xxdtq8mxegs,249,253
xxdtq8mxegs,250,254
xxdtq8mxegs,251,255
xxdtq8mxegs,252,256
xxdtq8mxegs,253,257
xxdtq8mxegs,254,258
xxdtq8mxegs,255,259
xxdtq8mxegs,256,260
xxdtq8mxegs,257,261
xxdtq8mxegs,258,262
xxdtq8mxegs,259,263
xxdtq8mxegs,260,264
xxdtq8mxegs,261,265
xxdtq8mxegs,262,266
xxdtq8mxegs,263,267
xxdtq8mxegs,264,268
xxdtq8mxegs,265,269
xxdtq8mxegs,266,270
xxdtq8mxegs,267,271
xxdtq8mxegs,268,272
xxdtq8mxegs,269,273
xxdtq8mxegs,270,274
xxdtq8mxegs,271,275
xxdtq8mxegs,272,276
xxdtq8mxegs,273,277
xxdtq8mxegs,274,278
xxdtq8mxegs,275,279
xxdtq8mxegs,276,280
xxdtq8mxegs,277,281
xxdtq8mxegs,278,282
xxdtq8mxegs,279,283
xxdtq8mxegs,280,284
xxdtq8mxegs,281,285
xxdtq8mxegs,282,286
xxdtq8mxegs,283,287
xxdtq8mxegs,284,288
xxdtq8mxegs,285,289
xxdtq8mxegs,286,290
xxdtq8mxegs,287,291
xxdtq8mxegs,288,292
xxdtq8mxegs,289,293
xxdtq8mxegs,290,294
xxdtq8mxegs,291,295
xxdtq8mxegs,292,296
xxdtq8mxegs,293,297
xxdtq8mxegs,294,298
xxdtq8mxegs,295,299
xxdtq8mxegs,296,300
xxdtq8mxegs,297,301
xxdtq8mxegs,298,302
xxdtq8mxegs,299,303
xxdtq8mxegs,300,304
xxdtq8mxegs,301,305
xxdtq8mxegs,302,306
xxdtq8mxegs,303,307
xxdtq8mxegs,304,308
xxdtq8mxegs,305,309
xxdtq8mxegs,306,310
xxdtq8mxegs,307,311
xxdtq8mxegs,308,312
xxdtq8mxegs,309,313
xxdtq8mxegs,310,314
xxdtq8mxegs,311,315
xxdtq8mxegs,312,316
xxdtq8mxegs,313,317
xxdtq8mxegs,314,318
xxdtq8mxegs,315,319
xxdtq8mxegs,316,320
xxdtq8mxegs,317,321
xxdtq8mxegs,318,322
xxdtq8mxegs,319,323
xxdtq8mxegs,320,324
xxdtq8mxegs,321,325
xxdtq8mxegs,322,326
xxdtq8mxegs,323,327
xxdtq8mxegs,324,328
xxdtq8mxegs,325,329
xxdtq8mxegs,326,330
xxdtq8mxegs,327,331
xxdtq8mxegs,328,332
xxdtq8mxegs,329,333
xxdtq8mxegs,330,334
xxdtq8mxegs,331,335
xxdtq8mxegs,332,336
xxdtq8mxegs,333,337
xxdtq8mxegs,334,338
xxdtq8mxegs,335,339
xxdtq8mxegs,336,340
xxdtq8mxegs,337,341
xxdtq8mxegs,338,342
xxdtq8mxegs,339,343
xxdtq8mxegs,340,344
xxdtq8mxegs,341,345
xxdtq8mxegs,342,346
xxdtq8mxegs,343,347
xxdtq8mxegs,344,348
xxdtq8mxegs,345,349
xxdtq8mxegs,346,350
xxdtq8mxegs,347,351
xxdtq8mxegs,348,352
xxdtq8mxegs,349,353
xxdtq8mxegs,350,354
xxdtq8mxegs,351,355
xxdtq8mxegs,352,356
xxdtq8mxegs,353,357
xxdtq8mxegs,354,358
xxdtq8mxegs,355,359
xxdtq8mxegs,356,360
xxdtq8mxegs,357,361
xxdtq8mxegs,358,362
xxdtq8mxegs,359,363
xxdtq8mxegs,360,364
xxdtq8mxegs,361,365
xxdtq8mxegs,362,366
xxdtq8mxegs,363,367
xxdtq8mxegs,364,368
xxdtq8mxegs,365,369
xxdtq8mxegs,366,370
xxdtq8mxegs,367,371
xxdtq8mxegs,368,372
xxdtq8mxegs,369,373
xxdtq8mxegs,370,374
xxdtq8mxegs,371,375
xxdtq8mxegs,372,376
xxdtq8mxegs,373,377
xxdtq8mxegs,374,378
xxdtq8mxegs,375,379
xxdtq8mxegs,376,380
xxdtq8mxegs,377,381
xxdtq8mxegs,378,382
xxdtq8mxegs,379,383
xxdtq8mxegs,380,384
xxdtq8mxegs,381,385
xxdtq8mxegs,382,386
xxdtq8mxegs,383,387
xxdtq8mxegs,384,388
xxdtq8mxegs,385,389
xxdtq8mxegs,386,390
xxdtq8mxegs,387,391
xxdtq8mxegs,388,392
xxdtq8mxegs,389,393
xxdtq8mxegs,390,394
xxdtq8mxegs,391,395
xxdtq8mxegs,392,396
xxdtq8mxegs,393,397
xxdtq8mxegs,394,398
xxdtq8mxegs,395,399
xxdtq8mxegs,396,400
xxdtq8mxegs,397,401
xxdtq8mxegs,398,402
xxdtq8mxegs,399,403
xxdtq8mxegs,400,404
xxdtq8mxegs,401,405
xxdtq8mxegs,402,406
xxdtq8mxegs,403,407
xxdtq8mxegs,404,408
xxdtq8mxegs,405,409
xxdtq8mxegs,406,410
xxdtq8mxegs,407,411
xxdtq8mxegs,408,412
xxdtq8mxegs,409,413
xxdtq8mxegs,410,414
xxdtq8mxegs,411,415
xxdtq8mxegs,412,416
xxdtq8mxegs,413,417
xxdtq8mxegs,414,418
xxdtq8mxegs,415,419
xxdtq8mxegs,416,420
xxdtq8mxegs,417,421
xxdtq8mxegs,418,422
xxdtq8mxegs,419,423
xxdtq8mxegs,420,424
xxdtq8mxegs,421,425
xxdtq8mxegs,422,426
xxdtq8mxegs,423,427
xxdtq8mxegs,424,428
xxdtq8mxegs,425,429
xxdtq8mxegs,426,430
xxdtq8mxegs,427,431
xxdtq8mxegs,428,432
xxdtq8mxegs,429,433
xxdtq8mxegs,430,434
xxdtq8mxegs,431,435
xxdtq8mxegs,432,436
xxdtq8mxegs,433,437
xxdtq8mxegs,434,438
xxdtq8mxegs,435,439
xxdtq8mxegs,436,440
xxdtq8mxegs,437,441
xxdtq8mxegs,438,442
xxdtq8mxegs,439,443
xxdtq8mxegs,440,444
xxdtq8mxegs,441,445
xxdtq8mxegs,442,446
xxdtq8mxegs,443,447
xxdtq8mxegs,444,448
xxdtq8mxegs,445,449
xxdtq8mxegs,446,450
xxdtq8mxegs,447,451
xxdtq8mxegs,448,452
xxdtq8mxegs,449,453
xxdtq8mxegs,450,454
xxdtq8mxegs,451,455
xxdtq8mxegs,452,456
xxdtq8mxegs,453,457
xxdtq8mxegs,454,458
xxdtq8mxegs,455,459
xxdtq8mxegs,456,460
xxdtq8mxegs,457,461
xxdtq8mxegs,458,462
xxdtq8mxegs,459,463
xxdtq8mxegs,460,464
xxdtq8mxegs,461,465
xxdtq8mxegs,462,466
xxdtq8mxegs,463,467
xxdtq8mxegs,464,468
xxdtq8mxegs,465,469
xxdtq8mxegs,466,470
xxdtq8mxegs,467,471
xxdtq8mxegs,468,472
xxdtq8mxegs,469,473
xxdtq8mxegs,470,474
xxdtq8mxegs,471,475
xxdtq8mxegs,472,476
xxdtq8mxegs,473,477
xxdtq8mxegs,474,478
xxdtq8mxegs,475,479
xxdtq8mxegs,476,480
xxdtq8mxegs,477,481
xxdtq8mxegs,478,482
xxdtq8mxegs,479,483
xxdtq8mxegs,480,484
xxdtq8mxegs,481,485
xxdtq8mxegs,482,486
xxdtq8mxegs,483,487
xxdtq8mxegs,484,488
xxdtq8mxegs,485,489
xxdtq8mxegs,486,490
xxdtq8mxegs,487,491
xxdtq8mxegs,488,492
xxdtq8mxegs,489,493
xxdtq8mxegs,490,494
xxdtq8mxegs,491,495
xxdtq8mxegs,492,496
xxdtq8mxegs,493,497
xxdtq8mxegs,494,498
xxdtq8mxegs,495,499
xxdtq8mxegs,496,500
xxdtq8mxegs,497,501
xxdtq8mxegs,498,502
xxdtq8mxegs,499,503
xxdtq8mxegs,500,504
xxdtq8mxegs,501,505
xxdtq8mxegs,502,506
xxdtq8mxegs,503,507
xxdtq8mxegs,504,508
xxdtq8mxegs,505,509
xxdtq8mxegs,506,510
xxdtq8mxegs,507,511
xxdtq8mxegs,508,512
xxdtq8mxegs,509,513
xxdtq8mxegs,510,514
xxdtq8mxegs,511,515
xxdtq8mxegs,512,516
xxdtq8mxegs,513,517
xxdtq8mxegs,514,518
xxdtq8mxegs,515,519
xxdtq8mxegs,516,520
xxdtq8mxegs,517,521
xxdtq8mxegs,518,522
xxdtq8mxegs,519,523
xxdtq8mxegs,520,524
xxdtq8mxegs,521,525
xxdtq8mxegs,522,526
xxdtq8mxegs,523,527
xxdtq8mxegs,524,528
xxdtq8mxegs,525,529
xxdtq8mxegs,526,530
xxdtq8mxegs,527,531
xxdtq8mxegs,528,532
xxdtq8mxegs,529,533
xxdtq8mxegs,530,534
xxdtq8mxegs,531,535
xxdtq8mxegs,532,536
xxdtq8mxegs,533,537
xxdtq8mxegs,534,538
xxdtq8mxegs,535,539
xxdtq8mxegs,536,540
xxdtq8mxegs,537,541
xxdtq8mxegs,538,542
xxdtq8mxegs,539,543
xxdtq8mxegs,540,544
xxdtq8mxegs,541,545
xxdtq8mxegs,542,546
xxdtq8mxegs,543,547
xxdtq8mxegs,544,548
xxdtq8mxegs,545,549
xxdtq8mxegs,546,550
xxdtq8mxegs,547,551
xxdtq8mxegs,548,552
xxdtq8mxegs,549,553
xxdtq8mxegs,550,554
xxdtq8mxegs,551,555
xxdtq8mxegs,552,556
xxdtq8mxegs,553,557
xxdtq8mxegs,554,558
xxdtq8mxegs,555,559
xxdtq8mxegs,556,560
xxdtq8mxegs,557,561
xxdtq8mxegs,558,562
xxdtq8mxegs,559,563
xxdtq8mxegs,560,564
xxdtq8mxegs,561,565
xxdtq8mxegs,562,566
xxdtq8mxegs,563,567
xxdtq8mxegs,564,568
xxdtq8mxegs,565,569
xxdtq8mxegs,566,570
xxdtq8mxegs,567,571
xxdtq8mxegs,568,572
xxdtq8mxegs,569,573
xxdtq8mxegs,570,574
xxdtq8mxegs,571,575
xxdtq8mxegs,572,576
xxdtq8mxegs,573,577
xxdtq8mxegs,574,578
xxdtq8mxegs,575,579
xxdtq8mxegs,576,580
xxdtq8mxegs,577,581
xxdtq8mxegs,578,582
xxdtq8mxegs,579,583
xxdtq8mxegs,580,584
xxdtq8mxegs,581,585
xxdtq8mxegs,582,586
xxdtq8mxegs,583,587
xxdtq8mxegs,584,588
xxdtq8mxegs,585,589
xxdtq8mxegs,586,590
xxdtq8mxegs,587,591
