4wU_L1571,"[0, 0, 0, 0, 0, 0, 0, 0, 0]"
VuWGs3852fWutD9854,"[0, 0, 0, 0, 1, 0, 0, 0, 0]"
GsAD13552,"[0, 0, 0, 0, 0, 0, 0, 0, 0]"
VuWGs595,"[0, 0, 0, 0, 0, 0, 0, 0, 0]"
iVt072225,"[0, 0, 0, 0, 0, 0, 0, 0, 0]"
Wxtbj1113,"[0, 0, 0, 0, 0, 0, 0, 0, 0]"
Bhxk-6967,"[0, 0, 0, 0, 0, 0, 0, 0, 0]"
JKpqY131,"[0, 0, 0, 0, 0, 0, 0, 0, 0]"
cjibt17957,"[0, 0, 0, 0, 0, 0, 0, 0, 0]"
-esJr3316,"[0, 0, 0, 0, 0, 0, 0, 0, 0]"
qqR6A6881,"[0, 0, 0, 0, 0, 0, 0, 0, 0]"
-esJr3930sTEEL402,"[0, 0, 0, 0, 1, 0, 0, 0, 0]"
3eYKf939LRw_o5954,"[0, 0, 0, 0, 1, 0, 0, 0, 0]"
0tmA_1704PJrm86241,"[0, 0, 0, 0, 1, 0, 0, 0, 0]"
J0nA46507,"[0, 0, 0, 0, 0, 0, 0, 0, 0]"
91IHQ1797sTEEL1478,"[0, 0, 0, 0, 1, 0, 0, 0, 0]"
XkqCE4765,"[0, 0, 0, 0, 0, 0, 0, 0, 0]"
qqR6A3802oDXZc10817,"[0, 0, 0, 0, 1, 0, 0, 0, 0]"
RBCAB5582,"[0, 0, 0, 0, 0, 0, 0, 0, 0]"
JgHub3030cjibt18104,"[0, 0, 0, 0, 1, 0, 0, 0, 0]"
jcoYJ3652HT5vy2633,"[0, 0, 0, 0, 1, 0, 0, 0, 0]"
PJrm83777GsAD1197,"[0, 0, 0, 0, 1, 0, 0, 0, 0]"
Se3ox2976XzYM3156,"[0, 0, 0, 0, 1, 0, 0, 0, 0]"
Se3ox3912,"[0, 0, 0, 0, 0, 0, 0, 0, 0]"
fWutD13802,"[0, 0, 0, 0, 0, 0, 0, 0, 0]"
4wU_L3278,"[0, 0, 0, 0, 0, 0, 0, 0, 0]"
JgHub774,"[0, 0, 0, 0, 0, 0, 0, 0, 0]"
cjibt6242,"[0, 0, 0, 0, 0, 0, 0, 0, 0]"
RBCAB10587,"[0, 0, 0, 0, 0, 0, 0, 0, 0]"
3eYKf2009,"[0, 0, 0, 0, 0, 0, 0, 0, 0]"
z_6gV75130tmA_273,"[0, 0, 0, 0, 1, 0, 0, 0, 0]"
37rzW3529sTEEL3830,"[0, 0, 0, 0, 1, 0, 0, 0, 0]"
HT5vy2412,"[0, 0, 0, 0, 0, 0, 0, 0, 0]"
LRw_o5059gzDba244,"[0, 0, 0, 0, 1, 0, 0, 0, 0]"
fWutD7256Se3ox2252,"[0, 0, 0, 0, 1, 0, 0, 0, 0]"
-esJr668,"[0, 0, 0, 0, 0, 0, 0, 0, 0]"
J0nA445180tmA_1585,"[0, 0, 0, 0, 1, 0, 0, 0, 0]"
JKpqY1218oDXZc8629,"[0, 0, 0, 0, 1, 0, 0, 0, 0]"
akI8Y180,"[0, 0, 0, 0, 0, 0, 0, 0, 0]"
xxdtq760HT5vy4691,"[0, 0, 0, 0, 1, 0, 0, 0, 0]"
-esJr6511,"[0, 0, 0, 0, 0, 0, 0, 0, 0]"
3eYKf765,"[0, 0, 0, 0, 0, 0, 0, 0, 0]"
37rzW467,"[0, 0, 0, 0, 0, 0, 0, 0, 0]"
cjibt482HT5vy5493,"[0, 0, 0, 0, 1, 0, 0, 0, 0]"
XkqCE5527,"[0, 0, 0, 0, 0, 0, 0, 0, 0]"
qqR6A6210xwqBX3377,"[0, 0, 0, 0, 1, 0, 0, 0, 0]"
PJrm82730,"[0, 0, 0, 0, 0, 0, 0, 0, 0]"
J0nA44188,"[0, 0, 0, 0, 0, 0, 0, 0, 0]"
Wxtbj4354,"[0, 0, 0, 0, 0, 0, 0, 0, 0]"
z_6gV5516kLxoN2220,"[0, 0, 0, 0, 1, 0, 0, 0, 0]"
b626M2467,"[0, 0, 0, 0, 0, 0, 0, 0, 0]"
XzYM3259EE-bN1457,"[0, 0, 0, 0, 1, 0, 0, 0, 0]"
J0nA43905vdmoE982,"[0, 0, 0, 0, 1, 0, 0, 0, 0]"
-esJr51423eYKf3748,"[0, 0, 0, 0, 1, 0, 0, 0, 0]"
XzYM32474,"[0, 0, 0, 0, 0, 0, 0, 0, 0]"
byxOv2721sTEEL1420,"[0, 0, 0, 0, 1, 0, 0, 0, 0]"
b626M2241,"[0, 0, 0, 0, 0, 0, 0, 0, 0]"
sTEEL2668jcoYJ1943,"[0, 0, 0, 0, 1, 0, 0, 0, 0]"
vdmoE32014wU_L3421,"[0, 0, 0, 0, 1, 0, 0, 0, 0]"
-esJr4830,"[0, 0, 0, 0, 0, 0, 0, 0, 0]"
xwqBX5794Se3ox1095,"[0, 0, 0, 0, 1, 0, 0, 0, 0]"
i3wAG4035-esJr6114,"[0, 0, 0, 0, 1, 0, 0, 0, 0]"
Bhxk-4668,"[0, 0, 0, 0, 0, 0, 0, 0, 0]"
kLxoN1712,"[0, 0, 0, 0, 0, 0, 0, 0, 0]"
NyBmC1418WG0MB526,"[0, 0, 0, 0, 1, 0, 0, 0, 0]"
kLxoN399,"[0, 0, 0, 0, 0, 0, 0, 0, 0]"
EYqVt1377xxdtq1440,"[0, 0, 0, 0, 1, 0, 0, 0, 0]"
gzDba2479vdmoE9669,"[0, 0, 0, 0, 1, 0, 0, 0, 0]"
98Moy3123,"[0, 0, 0, 0, 0, 0, 0, 0, 0]"
GsAD12742,"[0, 0, 0, 0, 0, 0, 0, 0, 0]"
_xMr-1001Se3ox2570,"[0, 0, 0, 0, 1, 0, 0, 0, 0]"
AwmHb9998,"[0, 0, 0, 0, 0, 0, 0, 0, 0]"
91IHQ3039,"[0, 0, 0, 0, 0, 0, 0, 0, 0]"
xmEER12910,"[0, 0, 0, 0, 0, 0, 0, 0, 0]"
Yi4Ij997oDXZc8320,"[0, 0, 0, 0, 1, 0, 0, 0, 0]"
HT5vy7643z_6gV5729,"[0, 0, 0, 0, 1, 0, 0, 0, 0]"
i3wAG1196,"[0, 0, 0, 0, 0, 0, 0, 0, 0]"
kLxoN3089JgHub1903,"[0, 0, 0, 0, 1, 0, 0, 0, 0]"
gzDba2786,"[0, 0, 0, 0, 0, 0, 0, 0, 0]"
PJrm84704,"[0, 0, 0, 0, 0, 0, 0, 0, 0]"
sTEEL509EE-bN1036,"[0, 0, 0, 0, 1, 0, 0, 0, 0]"
Wxtbj4602,"[0, 0, 0, 0, 0, 0, 0, 0, 0]"
Hl-__1662qqR6A3483,"[0, 0, 0, 0, 1, 0, 0, 0, 0]"
Hl-__42273eYKf902,"[0, 0, 0, 0, 1, 0, 0, 0, 0]"
Bhxk-5455iVt071282,"[0, 0, 0, 0, 1, 0, 0, 0, 0]"
vdmoE4213EE-bN241,"[0, 0, 0, 0, 1, 0, 0, 0, 0]"
Wxtbj5998,"[0, 0, 0, 0, 0, 0, 0, 0, 0]"
VuWGs3400,"[0, 0, 0, 0, 0, 0, 0, 0, 0]"
EYqVt518498Moy1843,"[0, 0, 0, 0, 1, 0, 0, 0, 0]"
JKpqY2489,"[0, 0, 0, 0, 0, 0, 0, 0, 0]"
3eYKf685,"[0, 0, 0, 0, 0, 0, 0, 0, 0]"
JgHub324298Moy2400,"[0, 0, 0, 0, 1, 0, 0, 0, 0]"
LRw_o1267,"[0, 0, 0, 0, 0, 0, 0, 0, 0]"
EYqVt1989,"[0, 0, 0, 0, 0, 0, 0, 0, 0]"
Bhxk-3938,"[0, 0, 0, 0, 0, 0, 0, 0, 0]"
Hl-__3621JKpqY2435,"[0, 0, 0, 0, 1, 0, 0, 0, 0]"
98Moy2692,"[0, 0, 0, 0, 0, 0, 0, 0, 0]"
-esJr4264,"[0, 0, 0, 0, 0, 0, 0, 0, 0]"
98Moy3987JKpqY1989,"[0, 0, 0, 0, 1, 0, 0, 0, 0]"
kLxoN763akI8Y3828,"[0, 0, 0, 0, 1, 0, 0, 0, 0]"
oDXZc5544oDXZc8375,"[0, 0, 0, 0, 1, 0, 0, 0, 0]"
XzYM31661,"[0, 0, 0, 0, 0, 0, 0, 0, 0]"
Yi4Ij838498Moy2838,"[0, 0, 0, 0, 1, 0, 0, 0, 0]"
EYqVt3789,"[0, 0, 0, 0, 0, 0, 0, 0, 0]"
akI8Y35040tmA_2197,"[0, 0, 0, 0, 1, 0, 0, 0, 0]"
gzDba3961sTEEL2652,"[0, 0, 0, 0, 1, 0, 0, 0, 0]"
gzDba75,"[0, 0, 0, 0, 0, 0, 0, 0, 0]"
uGu_11662,"[0, 0, 0, 0, 0, 0, 0, 0, 0]"
oDXZc11348,"[0, 0, 0, 0, 0, 0, 0, 0, 0]"
b626M4114qqR6A4781,"[0, 0, 0, 0, 1, 0, 0, 0, 0]"
b626M5269,"[0, 0, 0, 0, 0, 0, 0, 0, 0]"
Hl-__1754XkqCE2118,"[0, 0, 0, 0, 1, 0, 0, 0, 0]"
oDXZc10618,"[0, 0, 0, 0, 0, 0, 0, 0, 0]"
byxOv299HT5vy2291,"[0, 0, 0, 0, 1, 0, 0, 0, 0]"
3eYKf2494,"[0, 0, 0, 0, 0, 0, 0, 0, 0]"
Wxtbj6895JKpqY2760,"[0, 0, 0, 0, 1, 0, 0, 0, 0]"
xxdtq3905EE-bN1721,"[0, 0, 0, 0, 1, 0, 0, 0, 0]"
uGu_13218,"[0, 0, 0, 0, 0, 0, 0, 0, 0]"
WG0MB5730HT5vy3161,"[0, 0, 0, 0, 1, 0, 0, 0, 0]"
sTEEL4079xxdtq1195,"[0, 0, 0, 0, 1, 0, 0, 0, 0]"
xwqBX68590tmA_3079,"[0, 0, 0, 0, 1, 0, 0, 0, 0]"
LRw_o5691Yi4Ij3070,"[0, 0, 0, 0, 1, 0, 0, 0, 0]"
3eYKf554,"[0, 0, 0, 0, 0, 0, 0, 0, 0]"
HT5vy3728,"[0, 0, 0, 0, 0, 0, 0, 0, 0]"
Yi4Ij3889z_6gV1319,"[0, 0, 0, 0, 1, 0, 0, 0, 0]"
z_6gV2947oDXZc9273,"[0, 0, 0, 0, 1, 0, 0, 0, 0]"
37rzW4730HT5vy8682,"[0, 0, 0, 0, 1, 0, 0, 0, 0]"
LRw_o870GsAD12092,"[0, 0, 0, 0, 1, 0, 0, 0, 0]"
0tmA_517LRw_o2188,"[0, 0, 0, 0, 1, 0, 0, 0, 0]"
iVt07270,"[0, 0, 0, 0, 0, 0, 0, 0, 0]"
PJrm84488z_6gV4897,"[0, 0, 0, 0, 1, 0, 0, 0, 0]"
qqR6A3105,"[0, 0, 0, 0, 0, 0, 0, 0, 0]"
fWutD5654,"[0, 0, 0, 0, 0, 0, 0, 0, 0]"
91IHQ493,"[0, 0, 0, 0, 0, 0, 0, 0, 0]"
uGu_11975,"[0, 0, 0, 0, 0, 0, 0, 0, 0]"
JKpqY2971,"[0, 0, 0, 0, 0, 0, 0, 0, 0]"
JgHub3157,"[0, 0, 0, 0, 0, 0, 0, 0, 0]"
xxdtq899,"[0, 0, 0, 0, 0, 0, 0, 0, 0]"
Wxtbj1820,"[0, 0, 0, 0, 0, 0, 0, 0, 0]"
jcoYJ587,"[0, 0, 0, 0, 0, 0, 0, 0, 0]"
GsAD12330,"[0, 0, 0, 0, 0, 0, 0, 0, 0]"
b626M2436z_6gV245,"[0, 0, 0, 0, 1, 0, 0, 0, 0]"
gzDba814jcoYJ5363,"[0, 0, 0, 0, 1, 0, 0, 0, 0]"
GsAD11359,"[0, 0, 0, 0, 0, 0, 0, 0, 0]"
i3wAG1858,"[0, 0, 0, 0, 0, 0, 0, 0, 0]"
NyBmC2020tmA_1398,"[0, 0, 0, 0, 1, 0, 0, 0, 0]"
Wxtbj7109eQu1r4867,"[0, 0, 0, 0, 1, 0, 0, 0, 0]"
EYqVt21104wU_L1863,"[0, 0, 0, 0, 1, 0, 0, 0, 0]"
xwqBX2948GsAD13794,"[0, 0, 0, 0, 1, 0, 0, 0, 0]"
xwqBX6118,"[0, 0, 0, 0, 0, 0, 0, 0, 0]"
kLxoN2928,"[0, 0, 0, 0, 0, 0, 0, 0, 0]"
iVt07773oDXZc3776,"[0, 0, 0, 0, 1, 0, 0, 0, 0]"
98Moy3746XzYM3220,"[0, 0, 0, 0, 1, 0, 0, 0, 0]"
Wxtbj2217,"[0, 0, 0, 0, 0, 0, 0, 0, 0]"
3eYKf206,"[0, 0, 0, 0, 0, 0, 0, 0, 0]"
XzYM32849,"[0, 0, 0, 0, 0, 0, 0, 0, 0]"
37rzW3894xxdtq2389,"[0, 0, 0, 0, 1, 0, 0, 0, 0]"
kLxoN3602,"[0, 0, 0, 0, 0, 0, 0, 0, 0]"
JKpqY2127oDXZc38,"[0, 0, 0, 0, 1, 0, 0, 0, 0]"
kLxoN3402,"[0, 0, 0, 0, 0, 0, 0, 0, 0]"
jcoYJ5679,"[0, 0, 0, 0, 0, 0, 0, 0, 0]"
E11zD2579uGu_12842,"[0, 0, 0, 0, 1, 0, 0, 0, 0]"
XkqCE1989kLxoN3015,"[0, 0, 0, 0, 1, 0, 0, 0, 0]"
XzYM328660tmA_1917,"[0, 0, 0, 0, 1, 0, 0, 0, 0]"
qqR6A6342EYqVt4395,"[0, 0, 0, 0, 1, 0, 0, 0, 0]"
PJrm81045,"[0, 0, 0, 0, 0, 0, 0, 0, 0]"
i3wAG2611,"[0, 0, 0, 0, 0, 0, 0, 0, 0]"
sTEEL936,"[0, 0, 0, 0, 0, 0, 0, 0, 0]"
iVt071779,"[0, 0, 0, 0, 0, 0, 0, 0, 0]"
EYqVt2887,"[0, 0, 0, 0, 0, 0, 0, 0, 0]"
XkqCE1972-esJr5485,"[0, 0, 0, 0, 1, 0, 0, 0, 0]"
Bhxk-5752AwmHb882,"[0, 0, 0, 0, 1, 0, 0, 0, 0]"
WG0MB5124fWutD4388,"[0, 0, 0, 0, 1, 0, 0, 0, 0]"
sTEEL1531,"[0, 0, 0, 0, 0, 0, 0, 0, 0]"
fWutD6946,"[0, 0, 0, 0, 0, 0, 0, 0, 0]"
E11zD4317,"[0, 0, 0, 0, 0, 0, 0, 0, 0]"
Yi4Ij8855VuWGs5012,"[0, 0, 0, 0, 1, 0, 0, 0, 0]"
37rzW1030akI8Y93,"[0, 0, 0, 0, 1, 0, 0, 0, 0]"
E11zD7837xwqBX6906,"[0, 0, 0, 0, 1, 0, 0, 0, 0]"
oDXZc9472,"[0, 0, 0, 0, 0, 0, 0, 0, 0]"
iVt071339,"[0, 0, 0, 0, 0, 0, 0, 0, 0]"
uGu_1274837rzW2880,"[0, 0, 0, 0, 1, 0, 0, 0, 0]"
LRw_o3629,"[0, 0, 0, 0, 0, 0, 0, 0, 0]"
EE-bN45,"[0, 0, 0, 0, 0, 0, 0, 0, 0]"
EE-bN601,"[0, 0, 0, 0, 0, 0, 0, 0, 0]"
gzDba2623eYKf2993,"[0, 0, 0, 0, 1, 0, 0, 0, 0]"
Yi4Ij4552,"[0, 0, 0, 0, 0, 0, 0, 0, 0]"
sTEEL4249,"[0, 0, 0, 0, 0, 0, 0, 0, 0]"
byxOv3387E11zD10166,"[0, 0, 0, 0, 1, 0, 0, 0, 0]"
gzDba7016EYqVt4905,"[0, 0, 0, 0, 1, 0, 0, 0, 0]"
sTEEL3295,"[0, 0, 0, 0, 0, 0, 0, 0, 0]"
4wU_L2322b626M294,"[0, 0, 0, 0, 1, 0, 0, 0, 0]"
37rzW2577eQu1r3682,"[0, 0, 0, 0, 1, 0, 0, 0, 0]"
vdmoE733cjibt8469,"[0, 0, 0, 0, 1, 0, 0, 0, 0]"
i3wAG3152oDXZc3568,"[0, 0, 0, 0, 1, 0, 0, 0, 0]"
EYqVt575,"[0, 0, 0, 0, 0, 0, 0, 0, 0]"
GsAD13400,"[0, 0, 0, 0, 0, 0, 0, 0, 0]"
Bhxk-9369LRw_o1498,"[0, 0, 0, 0, 1, 0, 0, 0, 0]"
GsAD13412akI8Y312,"[0, 0, 0, 0, 1, 0, 0, 0, 0]"
WG0MB8463,"[0, 0, 0, 0, 0, 0, 0, 0, 0]"
JKpqY1638,"[0, 0, 0, 0, 0, 0, 0, 0, 0]"
b626M648,"[0, 0, 0, 0, 0, 0, 0, 0, 0]"
XzYM3332,"[0, 0, 0, 0, 0, 0, 0, 0, 0]"
Hl-__4163uGu_13260,"[0, 0, 0, 0, 1, 0, 0, 0, 0]"
xxdtq33693eYKf4617,"[0, 0, 0, 0, 1, 0, 0, 0, 0]"
akI8Y2884,"[0, 0, 0, 0, 0, 0, 0, 0, 0]"
qqR6A1463EE-bN1504,"[0, 0, 0, 0, 1, 0, 0, 0, 0]"
cjibt11255,"[0, 0, 0, 0, 0, 0, 0, 0, 0]"
PJrm83360i3wAG639,"[0, 0, 0, 0, 1, 0, 0, 0, 0]"
JKpqY496,"[0, 0, 0, 0, 0, 0, 0, 0, 0]"
Se3ox3753,"[0, 0, 0, 0, 0, 0, 0, 0, 0]"
kLxoN3685,"[0, 0, 0, 0, 0, 0, 0, 0, 0]"
eQu1r2654,"[0, 0, 0, 0, 0, 0, 0, 0, 0]"
xmEER8617xwqBX4793,"[0, 0, 0, 0, 1, 0, 0, 0, 0]"
z_6gV4549,"[0, 0, 0, 0, 0, 0, 0, 0, 0]"
Hl-__2617,"[0, 0, 0, 0, 0, 0, 0, 0, 0]"
iVt07149_xMr-967,"[0, 0, 0, 0, 1, 0, 0, 0, 0]"
byxOv2165,"[0, 0, 0, 0, 0, 0, 0, 0, 0]"
37rzW134,"[0, 0, 0, 0, 0, 0, 0, 0, 0]"
xwqBX5031,"[0, 0, 0, 0, 0, 0, 0, 0, 0]"
LRw_o1837RBCAB6199,"[0, 0, 0, 0, 1, 0, 0, 0, 0]"
Bhxk-5272,"[0, 0, 0, 0, 0, 0, 0, 0, 0]"
z_6gV4885,"[0, 0, 0, 0, 0, 0, 0, 0, 0]"
Bhxk-68,"[0, 0, 0, 0, 0, 0, 0, 0, 0]"
iVt071120,"[0, 0, 0, 0, 0, 0, 0, 0, 0]"
XkqCE470gzDba2979,"[0, 0, 0, 0, 1, 0, 0, 0, 0]"
gzDba3070,"[0, 0, 0, 0, 0, 0, 0, 0, 0]"
3eYKf4593,"[0, 0, 0, 0, 0, 0, 0, 0, 0]"
WG0MB3867,"[0, 0, 0, 0, 0, 0, 0, 0, 0]"
Se3ox2925JgHub3878,"[0, 0, 0, 0, 1, 0, 0, 0, 0]"
iVt07702oDXZc1449,"[0, 0, 0, 0, 1, 0, 0, 0, 0]"
E11zD5355Yi4Ij1877,"[0, 0, 0, 0, 1, 0, 0, 0, 0]"
byxOv643,"[0, 0, 0, 0, 0, 0, 0, 0, 0]"
J0nA44505z_6gV6348,"[0, 0, 0, 0, 1, 0, 0, 0, 0]"
EYqVt1330,"[0, 0, 0, 0, 0, 0, 0, 0, 0]"
iVt071763,"[0, 0, 0, 0, 0, 0, 0, 0, 0]"
JgHub3940b626M358,"[0, 0, 0, 0, 1, 0, 0, 0, 0]"
Wxtbj24,"[0, 0, 0, 0, 0, 0, 0, 0, 0]"
byxOv2656xmEER4465,"[0, 0, 0, 0, 1, 0, 0, 0, 0]"
Bhxk-10917J0nA4898,"[0, 0, 0, 0, 1, 0, 0, 0, 0]"
b626M3774,"[0, 0, 0, 0, 0, 0, 0, 0, 0]"
RBCAB8535,"[0, 0, 0, 0, 0, 0, 0, 0, 0]"
4wU_L1450AwmHb4139,"[0, 0, 0, 0, 1, 0, 0, 0, 0]"
gzDba2718E11zD9033,"[0, 0, 0, 0, 1, 0, 0, 0, 0]"
37rzW2764,"[0, 0, 0, 0, 0, 0, 0, 0, 0]"
3eYKf4600Hl-__5048,"[0, 0, 0, 0, 1, 0, 0, 0, 0]"
NyBmC2236,"[0, 0, 0, 0, 0, 0, 0, 0, 0]"
37rzW1868-esJr10,"[0, 0, 0, 0, 1, 0, 0, 0, 0]"
NyBmC1814,"[0, 0, 0, 0, 0, 0, 0, 0, 0]"
XzYM33043,"[0, 0, 0, 0, 0, 0, 0, 0, 0]"
iVt071975VuWGs3382,"[0, 0, 0, 0, 1, 0, 0, 0, 0]"
EYqVt999,"[0, 0, 0, 0, 0, 0, 0, 0, 0]"
gzDba1714,"[0, 0, 0, 0, 0, 0, 0, 0, 0]"
Wxtbj427598Moy2845,"[0, 0, 0, 0, 1, 0, 0, 0, 0]"
3eYKf1841,"[0, 0, 0, 0, 0, 0, 0, 0, 0]"
LRw_o5110,"[0, 0, 0, 0, 0, 0, 0, 0, 0]"
b626M377VuWGs2258,"[0, 0, 0, 0, 1, 0, 0, 0, 0]"
EYqVt5502LRw_o5991,"[0, 0, 0, 0, 1, 0, 0, 0, 0]"
HT5vy2723WG0MB8376,"[0, 0, 0, 0, 1, 0, 0, 0, 0]"
JKpqY3448cjibt5344,"[0, 0, 0, 0, 1, 0, 0, 0, 0]"
kLxoN3054qqR6A7180,"[0, 0, 0, 0, 1, 0, 0, 0, 0]"
xxdtq180,"[0, 0, 0, 0, 0, 0, 0, 0, 0]"
Se3ox611XzYM3807,"[0, 0, 0, 0, 1, 0, 0, 0, 0]"
VuWGs4570,"[0, 0, 0, 0, 0, 0, 0, 0, 0]"
EYqVt4716AwmHb7589,"[0, 0, 0, 0, 1, 0, 0, 0, 0]"
z_6gV6648XkqCE4137,"[0, 0, 0, 0, 1, 0, 0, 0, 0]"
cjibt7701,"[0, 0, 0, 0, 0, 0, 0, 0, 0]"
HT5vy9235GsAD13392,"[0, 0, 0, 0, 1, 0, 0, 0, 0]"
NyBmC65,"[0, 0, 0, 0, 0, 0, 0, 0, 0]"
akI8Y1891i3wAG2702,"[0, 0, 0, 0, 1, 0, 0, 0, 0]"
oDXZc2750HT5vy6594,"[0, 0, 0, 0, 1, 0, 0, 0, 0]"
EYqVt451RBCAB9657,"[0, 0, 0, 0, 1, 0, 0, 0, 0]"
HT5vy4723JKpqY3183,"[0, 0, 0, 0, 1, 0, 0, 0, 0]"
AwmHb1866,"[0, 0, 0, 0, 0, 0, 0, 0, 0]"
LRw_o5418RBCAB8563,"[0, 0, 0, 0, 1, 0, 0, 0, 0]"
NyBmC4531,"[0, 0, 0, 0, 0, 0, 0, 0, 0]"
z_6gV5975XkqCE50,"[0, 0, 0, 0, 1, 0, 0, 0, 0]"
jcoYJ2111RBCAB7528,"[0, 0, 0, 0, 1, 0, 0, 0, 0]"
E11zD6769,"[0, 0, 0, 0, 0, 0, 0, 0, 0]"
Se3ox276137rzW1324,"[0, 0, 0, 0, 1, 0, 0, 0, 0]"
z_6gV6041cjibt7613,"[0, 0, 0, 0, 1, 0, 0, 0, 0]"
EE-bN1574Hl-__4474,"[0, 0, 0, 0, 1, 0, 0, 0, 0]"
eQu1r1985XkqCE2040,"[0, 0, 0, 0, 1, 0, 0, 0, 0]"
_xMr-866jcoYJ2458,"[0, 0, 0, 0, 1, 0, 0, 0, 0]"
xxdtq1549JKpqY1905,"[0, 0, 0, 0, 1, 0, 0, 0, 0]"
i3wAG2820,"[0, 0, 0, 0, 0, 0, 0, 0, 0]"
GsAD13908Hl-__2593,"[0, 0, 0, 0, 1, 0, 0, 0, 0]"
oDXZc2281,"[0, 0, 0, 0, 0, 0, 0, 0, 0]"
xwqBX3177,"[0, 0, 0, 0, 0, 0, 0, 0, 0]"
EE-bN2459,"[0, 0, 0, 0, 0, 0, 0, 0, 0]"
JgHub1680,"[0, 0, 0, 0, 0, 0, 0, 0, 0]"
xxdtq18604wU_L600,"[0, 0, 0, 0, 1, 0, 0, 0, 0]"
i3wAG3657HT5vy4600,"[0, 0, 0, 0, 1, 0, 0, 0, 0]"
98Moy3362,"[0, 0, 0, 0, 0, 0, 0, 0, 0]"
RBCAB8749,"[0, 0, 0, 0, 0, 0, 0, 0, 0]"
akI8Y3547,"[0, 0, 0, 0, 0, 0, 0, 0, 0]"
0tmA_3278,"[0, 0, 0, 0, 0, 0, 0, 0, 0]"
_xMr-406iVt071342,"[0, 0, 0, 0, 1, 0, 0, 0, 0]"
JgHub1246WG0MB3335,"[0, 0, 0, 0, 1, 0, 0, 0, 0]"
qqR6A3288,"[0, 0, 0, 0, 0, 0, 0, 0, 0]"
LRw_o3629,"[0, 0, 0, 0, 0, 0, 0, 0, 0]"
_xMr-968,"[0, 0, 0, 0, 0, 0, 0, 0, 0]"
fWutD2950,"[0, 0, 0, 0, 0, 0, 0, 0, 0]"
GsAD12588,"[0, 0, 0, 0, 0, 0, 0, 0, 0]"
qqR6A370,"[0, 0, 0, 0, 0, 0, 0, 0, 0]"
qqR6A3778,"[0, 0, 0, 0, 0, 0, 0, 0, 0]"
98Moy2060Hl-__308,"[0, 0, 0, 0, 1, 0, 0, 0, 0]"
4wU_L3934VuWGs5287,"[0, 0, 0, 0, 1, 0, 0, 0, 0]"
Hl-__4408,"[0, 0, 0, 0, 0, 0, 0, 0, 0]"
JKpqY729xxdtq662,"[0, 0, 0, 0, 1, 0, 0, 0, 0]"
oDXZc7215,"[0, 0, 0, 0, 0, 0, 0, 0, 0]"
0tmA_1025,"[0, 0, 0, 0, 0, 0, 0, 0, 0]"
akI8Y768,"[0, 0, 0, 0, 0, 0, 0, 0, 0]"
E11zD12652,"[0, 0, 0, 0, 0, 0, 0, 0, 0]"
eQu1r3852Bhxk-10198,"[0, 0, 0, 0, 1, 0, 0, 0, 0]"
xmEER11231,"[0, 0, 0, 0, 0, 0, 0, 0, 0]"
JgHub4104,"[0, 0, 0, 0, 0, 0, 0, 0, 0]"
Wxtbj3795Yi4Ij9523,"[0, 0, 0, 0, 1, 0, 0, 0, 0]"
RBCAB7026AwmHb1574,"[0, 0, 0, 0, 1, 0, 0, 0, 0]"
_xMr-3550LRw_o4111,"[0, 0, 0, 0, 1, 0, 0, 0, 0]"
AwmHb4856-esJr6050,"[0, 0, 0, 0, 1, 0, 0, 0, 0]"
byxOv1397akI8Y3329,"[0, 0, 0, 0, 1, 0, 0, 0, 0]"
GsAD12265,"[0, 0, 0, 0, 0, 0, 0, 0, 0]"
xwqBX3559Yi4Ij238,"[0, 0, 0, 0, 1, 0, 0, 0, 0]"
JKpqY530akI8Y2776,"[0, 0, 0, 0, 1, 0, 0, 0, 0]"
XzYM33122z_6gV3571,"[0, 0, 0, 0, 1, 0, 0, 0, 0]"
XkqCE4580z_6gV138,"[0, 0, 0, 0, 1, 0, 0, 0, 0]"
37rzW3389gzDba4962,"[0, 0, 0, 0, 1, 0, 0, 0, 0]"
RBCAB4990WG0MB3008,"[0, 0, 0, 0, 1, 0, 0, 0, 0]"
Yi4Ij6700,"[0, 0, 0, 0, 0, 0, 0, 0, 0]"
91IHQ1567,"[0, 0, 0, 0, 0, 0, 0, 0, 0]"
4wU_L3128GsAD11548,"[0, 0, 0, 0, 1, 0, 0, 0, 0]"
iVt071074EE-bN2202,"[0, 0, 0, 0, 1, 0, 0, 0, 0]"
E11zD9944LRw_o2931,"[0, 0, 0, 0, 1, 0, 0, 0, 0]"
Yi4Ij6888,"[0, 0, 0, 0, 0, 0, 0, 0, 0]"
NyBmC35163eYKf4233,"[0, 0, 0, 0, 1, 0, 0, 0, 0]"
jcoYJ817,"[0, 0, 0, 0, 0, 0, 0, 0, 0]"
HT5vy943,"[0, 0, 0, 0, 0, 0, 0, 0, 0]"
Se3ox334,"[0, 0, 0, 0, 0, 0, 0, 0, 0]"
xxdtq3892,"[0, 0, 0, 0, 0, 0, 0, 0, 0]"
JgHub3996RBCAB10564,"[0, 0, 0, 0, 1, 0, 0, 0, 0]"
0tmA_1740Bhxk-1697,"[0, 0, 0, 0, 1, 0, 0, 0, 0]"
byxOv560JgHub2449,"[0, 0, 0, 0, 1, 0, 0, 0, 0]"
i3wAG4470,"[0, 0, 0, 0, 0, 0, 0, 0, 0]"
i3wAG1317,"[0, 0, 0, 0, 0, 0, 0, 0, 0]"
kLxoN1888,"[0, 0, 0, 0, 0, 0, 0, 0, 0]"
Hl-__2990EYqVt32,"[0, 0, 0, 0, 1, 0, 0, 0, 0]"
uGu_13940b626M2277,"[0, 0, 0, 0, 1, 0, 0, 0, 0]"
NyBmC1353,"[0, 0, 0, 0, 0, 0, 0, 0, 0]"
_xMr-1727,"[0, 0, 0, 0, 0, 0, 0, 0, 0]"
fWutD39,"[0, 0, 0, 0, 0, 0, 0, 0, 0]"
Bhxk-4097kLxoN3509,"[0, 0, 0, 0, 1, 0, 0, 0, 0]"
i3wAG274137rzW2077,"[0, 0, 0, 0, 1, 0, 0, 0, 0]"
byxOv2866,"[0, 0, 0, 0, 0, 0, 0, 0, 0]"
91IHQ3249AwmHb9719,"[0, 0, 0, 0, 1, 0, 0, 0, 0]"
byxOv3505,"[0, 0, 0, 0, 0, 0, 0, 0, 0]"
HT5vy8011,"[0, 0, 0, 0, 0, 0, 0, 0, 0]"
_xMr-3987,"[0, 0, 0, 0, 0, 0, 0, 0, 0]"
oDXZc131191IHQ2379,"[0, 0, 0, 0, 1, 0, 0, 0, 0]"
akI8Y1991Yi4Ij8391,"[0, 0, 0, 0, 1, 0, 0, 0, 0]"
JKpqY2312cjibt8438,"[0, 0, 0, 0, 1, 0, 0, 0, 0]"
XkqCE2487,"[0, 0, 0, 0, 0, 0, 0, 0, 0]"
jcoYJ4246eQu1r3241,"[0, 0, 0, 0, 1, 0, 0, 0, 0]"
VuWGs180537rzW1986,"[0, 0, 0, 0, 1, 0, 0, 0, 0]"
E11zD1345GsAD11395,"[0, 0, 0, 0, 1, 0, 0, 0, 0]"
qqR6A2435,"[0, 0, 0, 0, 0, 0, 0, 0, 0]"
akI8Y3248,"[0, 0, 0, 0, 0, 0, 0, 0, 0]"
LRw_o1791akI8Y1405,"[0, 0, 0, 0, 1, 0, 0, 0, 0]"
byxOv611,"[0, 0, 0, 0, 0, 0, 0, 0, 0]"
uGu_11335,"[0, 0, 0, 0, 0, 0, 0, 0, 0]"
NyBmC207137rzW574,"[0, 0, 0, 0, 1, 0, 0, 0, 0]"
JgHub642,"[0, 0, 0, 0, 0, 0, 0, 0, 0]"
-esJr1766VuWGs1758,"[0, 0, 0, 0, 1, 0, 0, 0, 0]"
uGu_1111291IHQ2645,"[0, 0, 0, 0, 1, 0, 0, 0, 0]"
gzDba6813JKpqY1870,"[0, 0, 0, 0, 1, 0, 0, 0, 0]"
VuWGs1056Yi4Ij8796,"[0, 0, 0, 0, 1, 0, 0, 0, 0]"
fWutD7503Yi4Ij3629,"[0, 0, 0, 0, 1, 0, 0, 0, 0]"
RBCAB2308xwqBX1654,"[0, 0, 0, 0, 1, 0, 0, 0, 0]"
XzYM32418akI8Y3082,"[0, 0, 0, 0, 1, 0, 0, 0, 0]"
3eYKf314898Moy3488,"[0, 0, 0, 0, 1, 0, 0, 0, 0]"
_xMr-1360WG0MB3299,"[0, 0, 0, 0, 1, 0, 0, 0, 0]"
z_6gV4714,"[0, 0, 0, 0, 0, 0, 0, 0, 0]"
37rzW552qqR6A275,"[0, 0, 0, 0, 1, 0, 0, 0, 0]"
z_6gV1591,"[0, 0, 0, 0, 0, 0, 0, 0, 0]"
-esJr5611NyBmC1348,"[0, 0, 0, 0, 1, 0, 0, 0, 0]"
0tmA_8843eYKf875,"[0, 0, 0, 0, 1, 0, 0, 0, 0]"
PJrm84488,"[0, 0, 0, 0, 0, 0, 0, 0, 0]"
AwmHb7197,"[0, 0, 0, 0, 0, 0, 0, 0, 0]"
3eYKf217,"[0, 0, 0, 0, 0, 0, 0, 0, 0]"
byxOv1974Yi4Ij1259,"[0, 0, 0, 0, 1, 0, 0, 0, 0]"
GsAD13574,"[0, 0, 0, 0, 0, 0, 0, 0, 0]"
byxOv1498Se3ox3429,"[0, 0, 0, 0, 1, 0, 0, 0, 0]"
kLxoN2023eQu1r498,"[0, 0, 0, 0, 1, 0, 0, 0, 0]"
WG0MB3033z_6gV6201,"[0, 0, 0, 0, 1, 0, 0, 0, 0]"
z_6gV6450,"[0, 0, 0, 0, 0, 0, 0, 0, 0]"
oDXZc1720,"[0, 0, 0, 0, 0, 0, 0, 0, 0]"
XkqCE54784wU_L2490,"[0, 0, 0, 0, 1, 0, 0, 0, 0]"
E11zD4231,"[0, 0, 0, 0, 0, 0, 0, 0, 0]"
XkqCE2217WG0MB573,"[0, 0, 0, 0, 1, 0, 0, 0, 0]"
cjibt468uGu_11503,"[0, 0, 0, 0, 1, 0, 0, 0, 0]"
RBCAB604,"[0, 0, 0, 0, 0, 0, 0, 0, 0]"
akI8Y3811,"[0, 0, 0, 0, 0, 0, 0, 0, 0]"
EE-bN1503,"[0, 0, 0, 0, 0, 0, 0, 0, 0]"
JgHub2229,"[0, 0, 0, 0, 0, 0, 0, 0, 0]"
xmEER11084,"[0, 0, 0, 0, 0, 0, 0, 0, 0]"
vdmoE6728jcoYJ4839,"[0, 0, 0, 0, 1, 0, 0, 0, 0]"
_xMr-1016RBCAB7581,"[0, 0, 0, 0, 1, 0, 0, 0, 0]"
xwqBX5488,"[0, 0, 0, 0, 0, 0, 0, 0, 0]"
3eYKf2969,"[0, 0, 0, 0, 0, 0, 0, 0, 0]"
JKpqY224,"[0, 0, 0, 0, 0, 0, 0, 0, 0]"
JgHub241998Moy3737,"[0, 0, 0, 0, 1, 0, 0, 0, 0]"
4wU_L1498J0nA43124,"[0, 0, 0, 0, 1, 0, 0, 0, 0]"
4wU_L3141vdmoE2613,"[0, 0, 0, 0, 1, 0, 0, 0, 0]"
Bhxk-9496NyBmC3936,"[0, 0, 0, 0, 1, 0, 0, 0, 0]"
fWutD14396JgHub1551,"[0, 0, 0, 0, 1, 0, 0, 0, 0]"
byxOv548,"[0, 0, 0, 0, 0, 0, 0, 0, 0]"
Bhxk-8698,"[0, 0, 0, 0, 0, 0, 0, 0, 0]"
91IHQ2073uGu_1446,"[0, 0, 0, 0, 1, 0, 0, 0, 0]"
gzDba4343xmEER387,"[0, 0, 0, 0, 1, 0, 0, 0, 0]"
jcoYJ66EYqVt852,"[0, 0, 0, 0, 1, 0, 0, 0, 0]"
iVt07775,"[0, 0, 0, 0, 0, 0, 0, 0, 0]"
Se3ox1313WG0MB1989,"[0, 0, 0, 0, 1, 0, 0, 0, 0]"
JKpqY3648-esJr5569,"[0, 0, 0, 0, 1, 0, 0, 0, 0]"
LRw_o2955,"[0, 0, 0, 0, 0, 0, 0, 0, 0]"
J0nA45083,"[0, 0, 0, 0, 0, 0, 0, 0, 0]"
xwqBX1104,"[0, 0, 0, 0, 0, 0, 0, 0, 0]"
Bhxk-2054,"[0, 0, 0, 0, 0, 0, 0, 0, 0]"
37rzW2819Wxtbj3848,"[0, 0, 0, 0, 1, 0, 0, 0, 0]"
GsAD1437,"[0, 0, 0, 0, 0, 0, 0, 0, 0]"
Hl-__1164gzDba5206,"[0, 0, 0, 0, 1, 0, 0, 0, 0]"
Wxtbj7708,"[0, 0, 0, 0, 0, 0, 0, 0, 0]"
_xMr-1465EE-bN1853,"[0, 0, 0, 0, 1, 0, 0, 0, 0]"
NyBmC1938JgHub232,"[0, 0, 0, 0, 1, 0, 0, 0, 0]"
JKpqY311,"[0, 0, 0, 0, 0, 0, 0, 0, 0]"
iVt0794891IHQ2351,"[0, 0, 0, 0, 1, 0, 0, 0, 0]"
_xMr-453JKpqY1633,"[0, 0, 0, 0, 1, 0, 0, 0, 0]"
vdmoE6894xmEER1212,"[0, 0, 0, 0, 1, 0, 0, 0, 0]"
Hl-__2611,"[0, 0, 0, 0, 0, 0, 0, 0, 0]"
z_6gV6149,"[0, 0, 0, 0, 0, 0, 0, 0, 0]"
akI8Y628,"[0, 0, 0, 0, 0, 0, 0, 0, 0]"
3eYKf2342NyBmC1207,"[0, 0, 0, 0, 1, 0, 0, 0, 0]"
VuWGs3374GsAD1999,"[0, 0, 0, 0, 1, 0, 0, 0, 0]"
oDXZc4273,"[0, 0, 0, 0, 0, 0, 0, 0, 0]"
iVt071312xxdtq2356,"[0, 0, 0, 0, 1, 0, 0, 0, 0]"
cjibt14281eQu1r3715,"[0, 0, 0, 0, 1, 0, 0, 0, 0]"
37rzW268,"[0, 0, 0, 0, 0, 0, 0, 0, 0]"
fWutD15456LRw_o2306,"[0, 0, 0, 0, 1, 0, 0, 0, 0]"
EYqVt1630uGu_11860,"[0, 0, 0, 0, 1, 0, 0, 0, 0]"
kLxoN3213LRw_o2200,"[0, 0, 0, 0, 1, 0, 0, 0, 0]"
AwmHb2359,"[0, 0, 0, 0, 0, 0, 0, 0, 0]"
LRw_o72EYqVt245,"[0, 0, 0, 0, 1, 0, 0, 0, 0]"
kLxoN774,"[0, 0, 0, 0, 0, 0, 0, 0, 0]"
Yi4Ij60044wU_L2062,"[0, 0, 0, 0, 1, 0, 0, 0, 0]"
AwmHb5989qqR6A540,"[0, 0, 0, 0, 1, 0, 0, 0, 0]"
Se3ox1485,"[0, 0, 0, 0, 0, 0, 0, 0, 0]"
Wxtbj2743,"[0, 0, 0, 0, 0, 0, 0, 0, 0]"
akI8Y365391IHQ1462,"[0, 0, 0, 0, 1, 0, 0, 0, 0]"
cjibt17532iVt07722,"[0, 0, 0, 0, 1, 0, 0, 0, 0]"
4wU_L646XkqCE3558,"[0, 0, 0, 0, 1, 0, 0, 0, 0]"
JgHub1998,"[0, 0, 0, 0, 0, 0, 0, 0, 0]"
E11zD1598,"[0, 0, 0, 0, 0, 0, 0, 0, 0]"
98Moy1924xxdtq2523,"[0, 0, 0, 0, 1, 0, 0, 0, 0]"
xwqBX4152,"[0, 0, 0, 0, 0, 0, 0, 0, 0]"
xwqBX6950HT5vy1087,"[0, 0, 0, 0, 1, 0, 0, 0, 0]"
JKpqY2993,"[0, 0, 0, 0, 0, 0, 0, 0, 0]"
oDXZc1896iVt071552,"[0, 0, 0, 0, 1, 0, 0, 0, 0]"
cjibt10459qqR6A6857,"[0, 0, 0, 0, 1, 0, 0, 0, 0]"
xmEER13121,"[0, 0, 0, 0, 0, 0, 0, 0, 0]"
xwqBX2182PJrm83388,"[0, 0, 0, 0, 1, 0, 0, 0, 0]"
uGu_1182fWutD12582,"[0, 0, 0, 0, 1, 0, 0, 0, 0]"
J0nA42499,"[0, 0, 0, 0, 0, 0, 0, 0, 0]"
JgHub72,"[0, 0, 0, 0, 0, 0, 0, 0, 0]"
-esJr4417,"[0, 0, 0, 0, 0, 0, 0, 0, 0]"
byxOv2618,"[0, 0, 0, 0, 0, 0, 0, 0, 0]"
byxOv2761LRw_o1953,"[0, 0, 0, 0, 1, 0, 0, 0, 0]"
qqR6A1771WG0MB8356,"[0, 0, 0, 0, 1, 0, 0, 0, 0]"
EE-bN822iVt072220,"[0, 0, 0, 0, 1, 0, 0, 0, 0]"
z_6gV8055Yi4Ij1671,"[0, 0, 0, 0, 1, 0, 0, 0, 0]"
i3wAG560,"[0, 0, 0, 0, 0, 0, 0, 0, 0]"
JKpqY241_xMr-1244,"[0, 0, 0, 0, 1, 0, 0, 0, 0]"
kLxoN267037rzW5155,"[0, 0, 0, 0, 1, 0, 0, 0, 0]"
Wxtbj6939,"[0, 0, 0, 0, 0, 0, 0, 0, 0]"
b626M2747,"[0, 0, 0, 0, 0, 0, 0, 0, 0]"
eQu1r2898,"[0, 0, 0, 0, 0, 0, 0, 0, 0]"
EYqVt409,"[0, 0, 0, 0, 0, 0, 0, 0, 0]"
akI8Y1977,"[0, 0, 0, 0, 0, 0, 0, 0, 0]"
WG0MB7577,"[0, 0, 0, 0, 0, 0, 0, 0, 0]"
i3wAG3176,"[0, 0, 0, 0, 0, 0, 0, 0, 0]"
VuWGs354398Moy4503,"[0, 0, 0, 0, 1, 0, 0, 0, 0]"
RBCAB164,"[0, 0, 0, 0, 0, 0, 0, 0, 0]"
z_6gV5045,"[0, 0, 0, 0, 0, 0, 0, 0, 0]"
E11zD5127EE-bN451,"[0, 0, 0, 0, 1, 0, 0, 0, 0]"
37rzW3903sTEEL2109,"[0, 0, 0, 0, 1, 0, 0, 0, 0]"
cjibt3848RBCAB1697,"[0, 0, 0, 0, 1, 0, 0, 0, 0]"
oDXZc8684J0nA47307,"[0, 0, 0, 0, 1, 0, 0, 0, 0]"
iVt072350,"[0, 0, 0, 0, 0, 0, 0, 0, 0]"
VuWGs3020,"[0, 0, 0, 0, 0, 0, 0, 0, 0]"
oDXZc2110XzYM32320,"[0, 0, 0, 0, 1, 0, 0, 0, 0]"
Wxtbj2508PJrm84933,"[0, 0, 0, 0, 1, 0, 0, 0, 0]"
b626M3723,"[0, 0, 0, 0, 0, 0, 0, 0, 0]"
sTEEL2837,"[0, 0, 0, 0, 0, 0, 0, 0, 0]"
gzDba4948,"[0, 0, 0, 0, 0, 0, 0, 0, 0]"
PJrm82801,"[0, 0, 0, 0, 0, 0, 0, 0, 0]"
i3wAG319,"[0, 0, 0, 0, 0, 0, 0, 0, 0]"
37rzW4960HT5vy9467,"[0, 0, 0, 0, 1, 0, 0, 0, 0]"
NyBmC488byxOv1655,"[0, 0, 0, 0, 1, 0, 0, 0, 0]"
Wxtbj698,"[0, 0, 0, 0, 0, 0, 0, 0, 0]"
GsAD12740gzDba4828,"[0, 0, 0, 0, 1, 0, 0, 0, 0]"
3eYKf410z_6gV5471,"[0, 0, 0, 0, 1, 0, 0, 0, 0]"
qqR6A3347,"[0, 0, 0, 0, 0, 0, 0, 0, 0]"
b626M2878,"[0, 0, 0, 0, 0, 0, 0, 0, 0]"
qqR6A7685JgHub1085,"[0, 0, 0, 0, 1, 0, 0, 0, 0]"
PJrm81203PJrm81381,"[0, 0, 0, 0, 1, 0, 0, 0, 0]"
xxdtq3049,"[0, 0, 0, 0, 0, 0, 0, 0, 0]"
3eYKf3861,"[0, 0, 0, 0, 0, 0, 0, 0, 0]"
eQu1r2955eQu1r765,"[0, 0, 0, 0, 1, 0, 0, 0, 0]"
J0nA413426E11zD10260,"[0, 0, 0, 0, 1, 0, 0, 0, 0]"
Wxtbj4615XzYM3681,"[0, 0, 0, 0, 1, 0, 0, 0, 0]"
eQu1r2944,"[0, 0, 0, 0, 0, 0, 0, 0, 0]"
WG0MB3760,"[0, 0, 0, 0, 0, 0, 0, 0, 0]"
WG0MB6939Se3ox1598,"[0, 0, 0, 0, 1, 0, 0, 0, 0]"
Hl-__4461eQu1r3275,"[0, 0, 0, 0, 1, 0, 0, 0, 0]"
RBCAB1714_xMr-519,"[0, 0, 0, 0, 1, 0, 0, 0, 0]"
NyBmC4458,"[0, 0, 0, 0, 0, 0, 0, 0, 0]"
Bhxk-4869xxdtq452,"[0, 0, 0, 0, 1, 0, 0, 0, 0]"
XzYM319793eYKf1611,"[0, 0, 0, 0, 1, 0, 0, 0, 0]"
WG0MB3096,"[0, 0, 0, 0, 0, 0, 0, 0, 0]"
_xMr-429,"[0, 0, 0, 0, 0, 0, 0, 0, 0]"
cjibt6333,"[0, 0, 0, 0, 0, 0, 0, 0, 0]"
Yi4Ij2319,"[0, 0, 0, 0, 0, 0, 0, 0, 0]"
b626M52eQu1r3256,"[0, 0, 0, 0, 1, 0, 0, 0, 0]"
kLxoN2973sTEEL1231,"[0, 0, 0, 0, 1, 0, 0, 0, 0]"
i3wAG3535,"[0, 0, 0, 0, 0, 0, 0, 0, 0]"
z_6gV5361AwmHb10252,"[0, 0, 0, 0, 1, 0, 0, 0, 0]"
JgHub3943WG0MB4759,"[0, 0, 0, 0, 1, 0, 0, 0, 0]"
JgHub2311,"[0, 0, 0, 0, 0, 0, 0, 0, 0]"
xmEER10349LRw_o3580,"[0, 0, 0, 0, 1, 0, 0, 0, 0]"
sTEEL919xmEER8152,"[0, 0, 0, 0, 1, 0, 0, 0, 0]"
WG0MB3970,"[0, 0, 0, 0, 0, 0, 0, 0, 0]"
sTEEL3869,"[0, 0, 0, 0, 0, 0, 0, 0, 0]"
WG0MB4327,"[0, 0, 0, 0, 0, 0, 0, 0, 0]"
WG0MB7336qqR6A2403,"[0, 0, 0, 0, 1, 0, 0, 0, 0]"
WG0MB4684wU_L3927,"[0, 0, 0, 0, 1, 0, 0, 0, 0]"
Se3ox600-esJr6360,"[0, 0, 0, 0, 1, 0, 0, 0, 0]"
vdmoE6883Wxtbj4805,"[0, 0, 0, 0, 1, 0, 0, 0, 0]"
b626M1557,"[0, 0, 0, 0, 0, 0, 0, 0, 0]"
gzDba126,"[0, 0, 0, 0, 0, 0, 0, 0, 0]"
0tmA_2704E11zD14636,"[0, 0, 0, 0, 1, 0, 0, 0, 0]"
AwmHb3794,"[0, 0, 0, 0, 0, 0, 0, 0, 0]"
XkqCE180,"[0, 0, 0, 0, 0, 0, 0, 0, 0]"
xmEER6943jcoYJ1217,"[0, 0, 0, 0, 1, 0, 0, 0, 0]"
VuWGs361WG0MB375,"[0, 0, 0, 0, 1, 0, 0, 0, 0]"
4wU_L298,"[0, 0, 0, 0, 0, 0, 0, 0, 0]"
-esJr4412Yi4Ij1927,"[0, 0, 0, 0, 1, 0, 0, 0, 0]"
z_6gV208,"[0, 0, 0, 0, 0, 0, 0, 0, 0]"
b626M597GsAD1206,"[0, 0, 0, 0, 1, 0, 0, 0, 0]"
vdmoE4445HT5vy1,"[0, 0, 0, 0, 1, 0, 0, 0, 0]"
oDXZc7091,"[0, 0, 0, 0, 0, 0, 0, 0, 0]"
xwqBX6059oDXZc5818,"[0, 0, 0, 0, 1, 0, 0, 0, 0]"
91IHQ1363,"[0, 0, 0, 0, 0, 0, 0, 0, 0]"
z_6gV3121Se3ox764,"[0, 0, 0, 0, 1, 0, 0, 0, 0]"
RBCAB8031,"[0, 0, 0, 0, 0, 0, 0, 0, 0]"
iVt072004,"[0, 0, 0, 0, 0, 0, 0, 0, 0]"
JgHub852,"[0, 0, 0, 0, 0, 0, 0, 0, 0]"
NyBmC990qqR6A6659,"[0, 0, 0, 0, 1, 0, 0, 0, 0]"
98Moy305298Moy591,"[0, 0, 0, 0, 1, 0, 0, 0, 0]"
98Moy3798Moy1126,"[0, 0, 0, 0, 1, 0, 0, 0, 0]"
GsAD12816VuWGs710,"[0, 0, 0, 0, 1, 0, 0, 0, 0]"
byxOv948AwmHb5715,"[0, 0, 0, 0, 1, 0, 0, 0, 0]"
xmEER6547,"[0, 0, 0, 0, 0, 0, 0, 0, 0]"
Se3ox1180-esJr5856,"[0, 0, 0, 0, 1, 0, 0, 0, 0]"
cjibt13009,"[0, 0, 0, 0, 0, 0, 0, 0, 0]"
AwmHb6640J0nA45920,"[0, 0, 0, 0, 1, 0, 0, 0, 0]"
JKpqY2875XzYM31788,"[0, 0, 0, 0, 1, 0, 0, 0, 0]"
xwqBX2783EE-bN424,"[0, 0, 0, 0, 1, 0, 0, 0, 0]"
Wxtbj5113xwqBX6339,"[0, 0, 0, 0, 1, 0, 0, 0, 0]"
byxOv2300Yi4Ij968,"[0, 0, 0, 0, 1, 0, 0, 0, 0]"
HT5vy5137fWutD8696,"[0, 0, 0, 0, 1, 0, 0, 0, 0]"
EE-bN15924wU_L317,"[0, 0, 0, 0, 1, 0, 0, 0, 0]"
VuWGs840eQu1r3809,"[0, 0, 0, 0, 1, 0, 0, 0, 0]"
jcoYJ1486,"[0, 0, 0, 0, 0, 0, 0, 0, 0]"
sTEEL3424,"[0, 0, 0, 0, 0, 0, 0, 0, 0]"
Hl-__4881xmEER5388,"[0, 0, 0, 0, 1, 0, 0, 0, 0]"
i3wAG1234J0nA454,"[0, 0, 0, 0, 1, 0, 0, 0, 0]"
JKpqY3650,"[0, 0, 0, 0, 0, 0, 0, 0, 0]"
GsAD11278,"[0, 0, 0, 0, 0, 0, 0, 0, 0]"
_xMr-1699,"[0, 0, 0, 0, 0, 0, 0, 0, 0]"
WG0MB4240,"[0, 0, 0, 0, 0, 0, 0, 0, 0]"
WG0MB1043,"[0, 0, 0, 0, 0, 0, 0, 0, 0]"
sTEEL31854wU_L2342,"[0, 0, 0, 0, 1, 0, 0, 0, 0]"
i3wAG2100kLxoN1967,"[0, 0, 0, 0, 1, 0, 0, 0, 0]"
cjibt10159EYqVt253,"[0, 0, 0, 0, 1, 0, 0, 0, 0]"
91IHQ1866,"[0, 0, 0, 0, 0, 0, 0, 0, 0]"
GsAD14132,"[0, 0, 0, 0, 0, 0, 0, 0, 0]"
XzYM3302,"[0, 0, 0, 0, 0, 0, 0, 0, 0]"
byxOv625,"[0, 0, 0, 0, 0, 0, 0, 0, 0]"
eQu1r3939,"[0, 0, 0, 0, 0, 0, 0, 0, 0]"
E11zD8417sTEEL3094,"[0, 0, 0, 0, 1, 0, 0, 0, 0]"
LRw_o1017sTEEL1112,"[0, 0, 0, 0, 1, 0, 0, 0, 0]"
jcoYJ3862,"[0, 0, 0, 0, 0, 0, 0, 0, 0]"
cjibt5698akI8Y1801,"[0, 0, 0, 0, 1, 0, 0, 0, 0]"
akI8Y830,"[0, 0, 0, 0, 0, 0, 0, 0, 0]"
byxOv2067XkqCE884,"[0, 0, 0, 0, 1, 0, 0, 0, 0]"
EE-bN1631,"[0, 0, 0, 0, 0, 0, 0, 0, 0]"
cjibt10865,"[0, 0, 0, 0, 0, 0, 0, 0, 0]"
z_6gV5111,"[0, 0, 0, 0, 0, 0, 0, 0, 0]"
PJrm847603eYKf711,"[0, 0, 0, 0, 1, 0, 0, 0, 0]"
jcoYJ2094,"[0, 0, 0, 0, 0, 0, 0, 0, 0]"
3eYKf1622Wxtbj5056,"[0, 0, 0, 0, 1, 0, 0, 0, 0]"
b626M4792EYqVt4360,"[0, 0, 0, 0, 1, 0, 0, 0, 0]"
J0nA411140Hl-__4170,"[0, 0, 0, 0, 1, 0, 0, 0, 0]"
jcoYJ4568,"[0, 0, 0, 0, 0, 0, 0, 0, 0]"
eQu1r3733LRw_o5795,"[0, 0, 0, 0, 1, 0, 0, 0, 0]"
z_6gV7236,"[0, 0, 0, 0, 0, 0, 0, 0, 0]"
VuWGs2485,"[0, 0, 0, 0, 0, 0, 0, 0, 0]"
gzDba4883,"[0, 0, 0, 0, 0, 0, 0, 0, 0]"
91IHQ1005,"[0, 0, 0, 0, 0, 0, 0, 0, 0]"
fWutD1878EYqVt1506,"[0, 0, 0, 0, 1, 0, 0, 0, 0]"
JKpqY1421XzYM31976,"[0, 0, 0, 0, 1, 0, 0, 0, 0]"
Hl-__12,"[0, 0, 0, 0, 0, 0, 0, 0, 0]"
NyBmC1675,"[0, 0, 0, 0, 0, 0, 0, 0, 0]"
xwqBX360E11zD3870,"[0, 0, 0, 0, 1, 0, 0, 0, 0]"
NyBmC150sTEEL2171,"[0, 0, 0, 0, 1, 0, 0, 0, 0]"
EYqVt3821b626M2988,"[0, 0, 0, 0, 1, 0, 0, 0, 0]"
PJrm84216,"[0, 0, 0, 0, 0, 0, 0, 0, 0]"
Hl-__2153gzDba5976,"[0, 0, 0, 0, 1, 0, 0, 0, 0]"
0tmA_558iVt071392,"[0, 0, 0, 0, 1, 0, 0, 0, 0]"
uGu_11965,"[0, 0, 0, 0, 0, 0, 0, 0, 0]"
Bhxk-5683kLxoN147,"[0, 0, 0, 0, 1, 0, 0, 0, 0]"
Hl-__1081iVt071129,"[0, 0, 0, 0, 1, 0, 0, 0, 0]"
oDXZc5519WG0MB3068,"[0, 0, 0, 0, 1, 0, 0, 0, 0]"
3eYKf1101,"[0, 0, 0, 0, 0, 0, 0, 0, 0]"
_xMr-3368Yi4Ij7873,"[0, 0, 0, 0, 1, 0, 0, 0, 0]"
_xMr-256691IHQ1827,"[0, 0, 0, 0, 1, 0, 0, 0, 0]"
Se3ox632,"[0, 0, 0, 0, 0, 0, 0, 0, 0]"
-esJr41344wU_L1949,"[0, 0, 0, 0, 1, 0, 0, 0, 0]"
Wxtbj113Hl-__447,"[0, 0, 0, 0, 1, 0, 0, 0, 0]"
jcoYJ1612,"[0, 0, 0, 0, 0, 0, 0, 0, 0]"
JKpqY1203-esJr6286,"[0, 0, 0, 0, 1, 0, 0, 0, 0]"
z_6gV1661EYqVt4633,"[0, 0, 0, 0, 1, 0, 0, 0, 0]"
RBCAB3787VuWGs3758,"[0, 0, 0, 0, 1, 0, 0, 0, 0]"
sTEEL3234HT5vy324,"[0, 0, 0, 0, 1, 0, 0, 0, 0]"
JgHub3184i3wAG873,"[0, 0, 0, 0, 1, 0, 0, 0, 0]"
37rzW5212,"[0, 0, 0, 0, 0, 0, 0, 0, 0]"
iVt071282b626M5595,"[0, 0, 0, 0, 1, 0, 0, 0, 0]"
VuWGs814xwqBX855,"[0, 0, 0, 0, 1, 0, 0, 0, 0]"
sTEEL655qqR6A1910,"[0, 0, 0, 0, 1, 0, 0, 0, 0]"
cjibt13026AwmHb10221,"[0, 0, 0, 0, 1, 0, 0, 0, 0]"
jcoYJ5339,"[0, 0, 0, 0, 0, 0, 0, 0, 0]"
E11zD2277i3wAG3990,"[0, 0, 0, 0, 1, 0, 0, 0, 0]"
98Moy2889,"[0, 0, 0, 0, 0, 0, 0, 0, 0]"
qqR6A5376,"[0, 0, 0, 0, 0, 0, 0, 0, 0]"
gzDba4090Bhxk-10977,"[0, 0, 0, 0, 1, 0, 0, 0, 0]"
fWutD12147,"[0, 0, 0, 0, 0, 0, 0, 0, 0]"
xmEER6739,"[0, 0, 0, 0, 0, 0, 0, 0, 0]"
LRw_o2331xwqBX6690,"[0, 0, 0, 0, 1, 0, 0, 0, 0]"
byxOv1856vdmoE2513,"[0, 0, 0, 0, 1, 0, 0, 0, 0]"
VuWGs1264,"[0, 0, 0, 0, 0, 0, 0, 0, 0]"
PJrm84389,"[0, 0, 0, 0, 0, 0, 0, 0, 0]"
byxOv2165,"[0, 0, 0, 0, 0, 0, 0, 0, 0]"
3eYKf2767,"[0, 0, 0, 0, 0, 0, 0, 0, 0]"
J0nA41267898Moy275,"[0, 0, 0, 0, 1, 0, 0, 0, 0]"
uGu_13881,"[0, 0, 0, 0, 0, 0, 0, 0, 0]"
LRw_o4662Se3ox3038,"[0, 0, 0, 0, 1, 0, 0, 0, 0]"
sTEEL2110RBCAB9236,"[0, 0, 0, 0, 1, 0, 0, 0, 0]"
AwmHb5108b626M3151,"[0, 0, 0, 0, 1, 0, 0, 0, 0]"
sTEEL776iVt071308,"[0, 0, 0, 0, 1, 0, 0, 0, 0]"
xwqBX5057,"[0, 0, 0, 0, 0, 0, 0, 0, 0]"
JKpqY925EYqVt5871,"[0, 0, 0, 0, 1, 0, 0, 0, 0]"
J0nA41765,"[0, 0, 0, 0, 0, 0, 0, 0, 0]"
EYqVt3283,"[0, 0, 0, 0, 0, 0, 0, 0, 0]"
iVt07867akI8Y1502,"[0, 0, 0, 0, 1, 0, 0, 0, 0]"
HT5vy8335,"[0, 0, 0, 0, 0, 0, 0, 0, 0]"
z_6gV8195Wxtbj2409,"[0, 0, 0, 0, 1, 0, 0, 0, 0]"
PJrm85659gzDba855,"[0, 0, 0, 0, 1, 0, 0, 0, 0]"
PJrm820398Moy2717,"[0, 0, 0, 0, 1, 0, 0, 0, 0]"
AwmHb2771,"[0, 0, 0, 0, 0, 0, 0, 0, 0]"
Bhxk-5202,"[0, 0, 0, 0, 0, 0, 0, 0, 0]"
i3wAG2837,"[0, 0, 0, 0, 0, 0, 0, 0, 0]"
sTEEL1539PJrm8361,"[0, 0, 0, 0, 1, 0, 0, 0, 0]"
PJrm85583,"[0, 0, 0, 0, 0, 0, 0, 0, 0]"
JKpqY266,"[0, 0, 0, 0, 0, 0, 0, 0, 0]"
gzDba183,"[0, 0, 0, 0, 0, 0, 0, 0, 0]"
E11zD8540HT5vy1083,"[0, 0, 0, 0, 1, 0, 0, 0, 0]"
kLxoN3796,"[0, 0, 0, 0, 0, 0, 0, 0, 0]"
gzDba2118,"[0, 0, 0, 0, 0, 0, 0, 0, 0]"
fWutD112974wU_L3756,"[0, 0, 0, 0, 1, 0, 0, 0, 0]"
98Moy369598Moy4013,"[0, 0, 0, 0, 1, 0, 0, 0, 0]"
JgHub1354,"[0, 0, 0, 0, 0, 0, 0, 0, 0]"
byxOv3393,"[0, 0, 0, 0, 0, 0, 0, 0, 0]"
EYqVt3443-esJr49,"[0, 0, 0, 0, 1, 0, 0, 0, 0]"
byxOv1204,"[0, 0, 0, 0, 0, 0, 0, 0, 0]"
qqR6A4754Bhxk-9077,"[0, 0, 0, 0, 1, 0, 0, 0, 0]"
vdmoE4201JKpqY1622,"[0, 0, 0, 0, 1, 0, 0, 0, 0]"
VuWGs4083,"[0, 0, 0, 0, 0, 0, 0, 0, 0]"
cjibt15161sTEEL2576,"[0, 0, 0, 0, 1, 0, 0, 0, 0]"
Se3ox898,"[0, 0, 0, 0, 0, 0, 0, 0, 0]"
gzDba4805_xMr-4400,"[0, 0, 0, 0, 1, 0, 0, 0, 0]"
xmEER4199,"[0, 0, 0, 0, 0, 0, 0, 0, 0]"
J0nA413488xxdtq2859,"[0, 0, 0, 0, 1, 0, 0, 0, 0]"
EE-bN24570tmA_1037,"[0, 0, 0, 0, 1, 0, 0, 0, 0]"
J0nA413729iVt07503,"[0, 0, 0, 0, 1, 0, 0, 0, 0]"
E11zD4297Yi4Ij2240,"[0, 0, 0, 0, 1, 0, 0, 0, 0]"
LRw_o4967EYqVt3403,"[0, 0, 0, 0, 1, 0, 0, 0, 0]"
JKpqY656gzDba1364,"[0, 0, 0, 0, 1, 0, 0, 0, 0]"
xmEER303,"[0, 0, 0, 0, 0, 0, 0, 0, 0]"
akI8Y2124,"[0, 0, 0, 0, 0, 0, 0, 0, 0]"
cjibt3715,"[0, 0, 0, 0, 0, 0, 0, 0, 0]"
LRw_o1817iVt071908,"[0, 0, 0, 0, 1, 0, 0, 0, 0]"
oDXZc3764,"[0, 0, 0, 0, 0, 0, 0, 0, 0]"
Hl-__5101EYqVt4609,"[0, 0, 0, 0, 1, 0, 0, 0, 0]"
_xMr-3040,"[0, 0, 0, 0, 0, 0, 0, 0, 0]"
37rzW3101,"[0, 0, 0, 0, 0, 0, 0, 0, 0]"
eQu1r2544,"[0, 0, 0, 0, 0, 0, 0, 0, 0]"
fWutD91698Moy489,"[0, 0, 0, 0, 1, 0, 0, 0, 0]"
akI8Y60298Moy2595,"[0, 0, 0, 0, 1, 0, 0, 0, 0]"
xxdtq1634XzYM360,"[0, 0, 0, 0, 1, 0, 0, 0, 0]"
Wxtbj3202i3wAG3609,"[0, 0, 0, 0, 1, 0, 0, 0, 0]"
qqR6A4246JKpqY444,"[0, 0, 0, 0, 1, 0, 0, 0, 0]"
WG0MB8253,"[0, 0, 0, 0, 0, 0, 0, 0, 0]"
JKpqY32,"[0, 0, 0, 0, 0, 0, 0, 0, 0]"
AwmHb2173xmEER11901,"[0, 0, 0, 0, 1, 0, 0, 0, 0]"
oDXZc2110,"[0, 0, 0, 0, 0, 0, 0, 0, 0]"
Hl-__3892EE-bN2765,"[0, 0, 0, 0, 1, 0, 0, 0, 0]"
PJrm83896,"[0, 0, 0, 0, 0, 0, 0, 0, 0]"
sTEEL2896,"[0, 0, 0, 0, 0, 0, 0, 0, 0]"
sTEEL2229,"[0, 0, 0, 0, 0, 0, 0, 0, 0]"
byxOv1038,"[0, 0, 0, 0, 0, 0, 0, 0, 0]"
byxOv1076,"[0, 0, 0, 0, 0, 0, 0, 0, 0]"
LRw_o5892,"[0, 0, 0, 0, 0, 0, 0, 0, 0]"
Wxtbj6382xwqBX2623,"[0, 0, 0, 0, 1, 0, 0, 0, 0]"
37rzW4868,"[0, 0, 0, 0, 0, 0, 0, 0, 0]"
jcoYJ3582Hl-__5758,"[0, 0, 0, 0, 1, 0, 0, 0, 0]"
xxdtq2163J0nA48713,"[0, 0, 0, 0, 1, 0, 0, 0, 0]"
z_6gV8164z_6gV1244,"[0, 0, 0, 0, 1, 0, 0, 0, 0]"
xmEER538,"[0, 0, 0, 0, 0, 0, 0, 0, 0]"
-esJr2719,"[0, 0, 0, 0, 0, 0, 0, 0, 0]"
xmEER9725,"[0, 0, 0, 0, 0, 0, 0, 0, 0]"
i3wAG2692,"[0, 0, 0, 0, 0, 0, 0, 0, 0]"
EE-bN2318,"[0, 0, 0, 0, 0, 0, 0, 0, 0]"
jcoYJ1762qqR6A5551,"[0, 0, 0, 0, 1, 0, 0, 0, 0]"
akI8Y35844wU_L2206,"[0, 0, 0, 0, 1, 0, 0, 0, 0]"
byxOv298391IHQ1513,"[0, 0, 0, 0, 1, 0, 0, 0, 0]"
xwqBX2057,"[0, 0, 0, 0, 0, 0, 0, 0, 0]"
JgHub1220,"[0, 0, 0, 0, 0, 0, 0, 0, 0]"
37rzW3234PJrm82821,"[0, 0, 0, 0, 1, 0, 0, 0, 0]"
b626M212498Moy527,"[0, 0, 0, 0, 1, 0, 0, 0, 0]"
Wxtbj1319,"[0, 0, 0, 0, 0, 0, 0, 0, 0]"
-esJr678i3wAG1429,"[0, 0, 0, 0, 1, 0, 0, 0, 0]"
oDXZc1707,"[0, 0, 0, 0, 0, 0, 0, 0, 0]"
jcoYJ1203,"[0, 0, 0, 0, 0, 0, 0, 0, 0]"
PJrm81615,"[0, 0, 0, 0, 0, 0, 0, 0, 0]"
byxOv2014gzDba523,"[0, 0, 0, 0, 1, 0, 0, 0, 0]"
WG0MB1651qqR6A2482,"[0, 0, 0, 0, 1, 0, 0, 0, 0]"
EYqVt3222,"[0, 0, 0, 0, 0, 0, 0, 0, 0]"
E11zD13752,"[0, 0, 0, 0, 0, 0, 0, 0, 0]"
J0nA42782,"[0, 0, 0, 0, 0, 0, 0, 0, 0]"
91IHQ2036,"[0, 0, 0, 0, 0, 0, 0, 0, 0]"
fWutD12835,"[0, 0, 0, 0, 0, 0, 0, 0, 0]"
AwmHb2276,"[0, 0, 0, 0, 0, 0, 0, 0, 0]"
b626M143Hl-__2125,"[0, 0, 0, 0, 1, 0, 0, 0, 0]"
uGu_13390,"[0, 0, 0, 0, 0, 0, 0, 0, 0]"
RBCAB5785oDXZc2807,"[0, 0, 0, 0, 1, 0, 0, 0, 0]"
XzYM32279RBCAB6798,"[0, 0, 0, 0, 1, 0, 0, 0, 0]"
i3wAG3993Bhxk-10148,"[0, 0, 0, 0, 1, 0, 0, 0, 0]"
b626M4153eYKf1366,"[0, 0, 0, 0, 1, 0, 0, 0, 0]"
PJrm81836,"[0, 0, 0, 0, 0, 0, 0, 0, 0]"
WG0MB489,"[0, 0, 0, 0, 0, 0, 0, 0, 0]"
EE-bN891vdmoE6949,"[0, 0, 0, 0, 1, 0, 0, 0, 0]"
98Moy2620NyBmC4419,"[0, 0, 0, 0, 1, 0, 0, 0, 0]"
eQu1r3805,"[0, 0, 0, 0, 0, 0, 0, 0, 0]"
uGu_13220,"[0, 0, 0, 0, 0, 0, 0, 0, 0]"
GsAD11099AwmHb8857,"[0, 0, 0, 0, 1, 0, 0, 0, 0]"
VuWGs4334,"[0, 0, 0, 0, 0, 0, 0, 0, 0]"
iVt07628NyBmC2094,"[0, 0, 0, 0, 1, 0, 0, 0, 0]"
EE-bN424NyBmC4562,"[0, 0, 0, 0, 1, 0, 0, 0, 0]"
oDXZc9900b626M2847,"[0, 0, 0, 0, 1, 0, 0, 0, 0]"
J0nA44000iVt071431,"[0, 0, 0, 0, 1, 0, 0, 0, 0]"
RBCAB8860eQu1r207,"[0, 0, 0, 0, 1, 0, 0, 0, 0]"
Se3ox1039,"[0, 0, 0, 0, 0, 0, 0, 0, 0]"
XkqCE2705gzDba678,"[0, 0, 0, 0, 1, 0, 0, 0, 0]"
Wxtbj3973,"[0, 0, 0, 0, 0, 0, 0, 0, 0]"
cjibt4614,"[0, 0, 0, 0, 0, 0, 0, 0, 0]"
iVt071753Se3ox440,"[0, 0, 0, 0, 1, 0, 0, 0, 0]"
Se3ox270,"[0, 0, 0, 0, 0, 0, 0, 0, 0]"
Se3ox3112,"[0, 0, 0, 0, 0, 0, 0, 0, 0]"
AwmHb8527sTEEL239,"[0, 0, 0, 0, 1, 0, 0, 0, 0]"
vdmoE678,"[0, 0, 0, 0, 0, 0, 0, 0, 0]"
EE-bN564,"[0, 0, 0, 0, 0, 0, 0, 0, 0]"
Yi4Ij9077byxOv2102,"[0, 0, 0, 0, 1, 0, 0, 0, 0]"
_xMr-418LRw_o2079,"[0, 0, 0, 0, 1, 0, 0, 0, 0]"
-esJr4387,"[0, 0, 0, 0, 0, 0, 0, 0, 0]"
Se3ox3158akI8Y3186,"[0, 0, 0, 0, 1, 0, 0, 0, 0]"
XzYM31483,"[0, 0, 0, 0, 0, 0, 0, 0, 0]"
iVt071442PJrm82909,"[0, 0, 0, 0, 1, 0, 0, 0, 0]"
GsAD13424Bhxk-12025,"[0, 0, 0, 0, 1, 0, 0, 0, 0]"
b626M844,"[0, 0, 0, 0, 0, 0, 0, 0, 0]"
z_6gV2809VuWGs42,"[0, 0, 0, 0, 1, 0, 0, 0, 0]"
byxOv356VuWGs4113,"[0, 0, 0, 0, 1, 0, 0, 0, 0]"
J0nA49727,"[0, 0, 0, 0, 0, 0, 0, 0, 0]"
XzYM3126,"[0, 0, 0, 0, 0, 0, 0, 0, 0]"
xxdtq2024,"[0, 0, 0, 0, 0, 0, 0, 0, 0]"
AwmHb371gzDba6695,"[0, 0, 0, 0, 1, 0, 0, 0, 0]"
xwqBX2482,"[0, 0, 0, 0, 0, 0, 0, 0, 0]"
3eYKf2207AwmHb252,"[0, 0, 0, 0, 1, 0, 0, 0, 0]"
uGu_12854LRw_o5789,"[0, 0, 0, 0, 1, 0, 0, 0, 0]"
_xMr-1249,"[0, 0, 0, 0, 0, 0, 0, 0, 0]"
HT5vy4429AwmHb8090,"[0, 0, 0, 0, 1, 0, 0, 0, 0]"
z_6gV7390,"[0, 0, 0, 0, 0, 0, 0, 0, 0]"
91IHQ1801,"[0, 0, 0, 0, 0, 0, 0, 0, 0]"
xmEER2750,"[0, 0, 0, 0, 0, 0, 0, 0, 0]"
37rzW190,"[0, 0, 0, 0, 0, 0, 0, 0, 0]"
cjibt9288PJrm83733,"[0, 0, 0, 0, 1, 0, 0, 0, 0]"
AwmHb988iVt07406,"[0, 0, 0, 0, 1, 0, 0, 0, 0]"
91IHQ78,"[0, 0, 0, 0, 0, 0, 0, 0, 0]"
JgHub3042,"[0, 0, 0, 0, 0, 0, 0, 0, 0]"
NyBmC3418-esJr5072,"[0, 0, 0, 0, 1, 0, 0, 0, 0]"
xwqBX4258GsAD12021,"[0, 0, 0, 0, 1, 0, 0, 0, 0]"
xmEER2734HT5vy1435,"[0, 0, 0, 0, 1, 0, 0, 0, 0]"
GsAD1887,"[0, 0, 0, 0, 0, 0, 0, 0, 0]"
b626M595cjibt8055,"[0, 0, 0, 0, 1, 0, 0, 0, 0]"
xxdtq3837XzYM32105,"[0, 0, 0, 0, 1, 0, 0, 0, 0]"
Yi4Ij802,"[0, 0, 0, 0, 0, 0, 0, 0, 0]"
akI8Y3732,"[0, 0, 0, 0, 0, 0, 0, 0, 0]"
4wU_L3898xmEER9240,"[0, 0, 0, 0, 1, 0, 0, 0, 0]"
vdmoE4431fWutD3684,"[0, 0, 0, 0, 1, 0, 0, 0, 0]"
HT5vy1285b626M3273,"[0, 0, 0, 0, 1, 0, 0, 0, 0]"
gzDba962,"[0, 0, 0, 0, 0, 0, 0, 0, 0]"
XkqCE4441sTEEL238,"[0, 0, 0, 0, 1, 0, 0, 0, 0]"
akI8Y21563eYKf453,"[0, 0, 0, 0, 1, 0, 0, 0, 0]"
xwqBX4963,"[0, 0, 0, 0, 0, 0, 0, 0, 0]"
RBCAB2841,"[0, 0, 0, 0, 0, 0, 0, 0, 0]"
xmEER2666,"[0, 0, 0, 0, 0, 0, 0, 0, 0]"
JgHub3007,"[0, 0, 0, 0, 0, 0, 0, 0, 0]"
GsAD1387991IHQ979,"[0, 0, 0, 0, 1, 0, 0, 0, 0]"
EYqVt3731,"[0, 0, 0, 0, 0, 0, 0, 0, 0]"
RBCAB4048,"[0, 0, 0, 0, 0, 0, 0, 0, 0]"
WG0MB6327AwmHb8958,"[0, 0, 0, 0, 1, 0, 0, 0, 0]"
eQu1r4200iVt071546,"[0, 0, 0, 0, 1, 0, 0, 0, 0]"
z_6gV5146,"[0, 0, 0, 0, 0, 0, 0, 0, 0]"
iVt07268,"[0, 0, 0, 0, 0, 0, 0, 0, 0]"
-esJr1444wU_L2231,"[0, 0, 0, 0, 1, 0, 0, 0, 0]"
JgHub2108jcoYJ2153,"[0, 0, 0, 0, 1, 0, 0, 0, 0]"
EYqVt2878Wxtbj5649,"[0, 0, 0, 0, 1, 0, 0, 0, 0]"
98Moy2820,"[0, 0, 0, 0, 0, 0, 0, 0, 0]"
akI8Y2989akI8Y1825,"[0, 0, 0, 0, 1, 0, 0, 0, 0]"
b626M3002Yi4Ij6202,"[0, 0, 0, 0, 1, 0, 0, 0, 0]"
VuWGs4699,"[0, 0, 0, 0, 0, 0, 0, 0, 0]"
Se3ox405,"[0, 0, 0, 0, 0, 0, 0, 0, 0]"
uGu_11475eQu1r3683,"[0, 0, 0, 0, 1, 0, 0, 0, 0]"
37rzW1366HT5vy4146,"[0, 0, 0, 0, 1, 0, 0, 0, 0]"
akI8Y2245Bhxk-8745,"[0, 0, 0, 0, 1, 0, 0, 0, 0]"
gzDba3280kLxoN106,"[0, 0, 0, 0, 1, 0, 0, 0, 0]"
AwmHb4003,"[0, 0, 0, 0, 0, 0, 0, 0, 0]"
HT5vy4698qqR6A1651,"[0, 0, 0, 0, 1, 0, 0, 0, 0]"
_xMr-1046,"[0, 0, 0, 0, 0, 0, 0, 0, 0]"
0tmA_573jcoYJ3980,"[0, 0, 0, 0, 1, 0, 0, 0, 0]"
xmEER6262kLxoN1479,"[0, 0, 0, 0, 1, 0, 0, 0, 0]"
NyBmC4299,"[0, 0, 0, 0, 0, 0, 0, 0, 0]"
0tmA_1247byxOv774,"[0, 0, 0, 0, 1, 0, 0, 0, 0]"
byxOv2257,"[0, 0, 0, 0, 0, 0, 0, 0, 0]"
vdmoE3637qqR6A1221,"[0, 0, 0, 0, 1, 0, 0, 0, 0]"
VuWGs5285,"[0, 0, 0, 0, 0, 0, 0, 0, 0]"
b626M1864WG0MB8409,"[0, 0, 0, 0, 1, 0, 0, 0, 0]"
_xMr-2357,"[0, 0, 0, 0, 0, 0, 0, 0, 0]"
oDXZc1706uGu_13426,"[0, 0, 0, 0, 1, 0, 0, 0, 0]"
xwqBX370,"[0, 0, 0, 0, 0, 0, 0, 0, 0]"
XzYM3523oDXZc773,"[0, 0, 0, 0, 1, 0, 0, 0, 0]"
0tmA_2466sTEEL1065,"[0, 0, 0, 0, 1, 0, 0, 0, 0]"
Wxtbj2074,"[0, 0, 0, 0, 0, 0, 0, 0, 0]"
Se3ox2660,"[0, 0, 0, 0, 0, 0, 0, 0, 0]"
JKpqY339b626M3934,"[0, 0, 0, 0, 1, 0, 0, 0, 0]"
fWutD13320,"[0, 0, 0, 0, 0, 0, 0, 0, 0]"
Hl-__750i3wAG2436,"[0, 0, 0, 0, 1, 0, 0, 0, 0]"
z_6gV2543,"[0, 0, 0, 0, 0, 0, 0, 0, 0]"
Se3ox348EE-bN1976,"[0, 0, 0, 0, 1, 0, 0, 0, 0]"
HT5vy9082,"[0, 0, 0, 0, 0, 0, 0, 0, 0]"
HT5vy7559,"[0, 0, 0, 0, 0, 0, 0, 0, 0]"
vdmoE8600,"[0, 0, 0, 0, 0, 0, 0, 0, 0]"
Wxtbj5554GsAD1789,"[0, 0, 0, 0, 1, 0, 0, 0, 0]"
EYqVt2001,"[0, 0, 0, 0, 0, 0, 0, 0, 0]"
iVt072096oDXZc9115,"[0, 0, 0, 0, 1, 0, 0, 0, 0]"
Bhxk-4864uGu_12267,"[0, 0, 0, 0, 1, 0, 0, 0, 0]"
i3wAG2286,"[0, 0, 0, 0, 0, 0, 0, 0, 0]"
kLxoN2366-esJr3858,"[0, 0, 0, 0, 1, 0, 0, 0, 0]"
xmEER972,"[0, 0, 0, 0, 0, 0, 0, 0, 0]"
4wU_L1248,"[0, 0, 0, 0, 0, 0, 0, 0, 0]"
vdmoE6174,"[0, 0, 0, 0, 0, 0, 0, 0, 0]"
Wxtbj753637rzW2363,"[0, 0, 0, 0, 1, 0, 0, 0, 0]"
z_6gV4606Wxtbj2114,"[0, 0, 0, 0, 1, 0, 0, 0, 0]"
z_6gV6325,"[0, 0, 0, 0, 0, 0, 0, 0, 0]"
Yi4Ij9009EE-bN1479,"[0, 0, 0, 0, 1, 0, 0, 0, 0]"
xxdtq3359,"[0, 0, 0, 0, 0, 0, 0, 0, 0]"
WG0MB1936,"[0, 0, 0, 0, 0, 0, 0, 0, 0]"
xwqBX3344qqR6A6409,"[0, 0, 0, 0, 1, 0, 0, 0, 0]"
xmEER6725JKpqY1350,"[0, 0, 0, 0, 1, 0, 0, 0, 0]"
gzDba392,"[0, 0, 0, 0, 0, 0, 0, 0, 0]"
Wxtbj51880tmA_2289,"[0, 0, 0, 0, 1, 0, 0, 0, 0]"
eQu1r2477,"[0, 0, 0, 0, 0, 0, 0, 0, 0]"
EE-bN1881xxdtq3068,"[0, 0, 0, 0, 1, 0, 0, 0, 0]"
VuWGs1596fWutD5646,"[0, 0, 0, 0, 1, 0, 0, 0, 0]"
98Moy4107J0nA44132,"[0, 0, 0, 0, 1, 0, 0, 0, 0]"
kLxoN1293,"[0, 0, 0, 0, 0, 0, 0, 0, 0]"
VuWGs223,"[0, 0, 0, 0, 0, 0, 0, 0, 0]"
WG0MB5425,"[0, 0, 0, 0, 0, 0, 0, 0, 0]"
91IHQ2810,"[0, 0, 0, 0, 0, 0, 0, 0, 0]"
91IHQ432,"[0, 0, 0, 0, 0, 0, 0, 0, 0]"
xxdtq1558,"[0, 0, 0, 0, 0, 0, 0, 0, 0]"
37rzW5673eYKf2611,"[0, 0, 0, 0, 1, 0, 0, 0, 0]"
fWutD14372,"[0, 0, 0, 0, 0, 0, 0, 0, 0]"
z_6gV3228Se3ox3425,"[0, 0, 0, 0, 1, 0, 0, 0, 0]"
_xMr-1077,"[0, 0, 0, 0, 0, 0, 0, 0, 0]"
Wxtbj3180,"[0, 0, 0, 0, 0, 0, 0, 0, 0]"
xxdtq3979,"[0, 0, 0, 0, 0, 0, 0, 0, 0]"
JKpqY2238,"[0, 0, 0, 0, 0, 0, 0, 0, 0]"
akI8Y3465_xMr-2806,"[0, 0, 0, 0, 1, 0, 0, 0, 0]"
E11zD6698,"[0, 0, 0, 0, 0, 0, 0, 0, 0]"
xwqBX2880,"[0, 0, 0, 0, 0, 0, 0, 0, 0]"
b626M3006,"[0, 0, 0, 0, 0, 0, 0, 0, 0]"
GsAD11308PJrm82021,"[0, 0, 0, 0, 1, 0, 0, 0, 0]"
akI8Y2351,"[0, 0, 0, 0, 0, 0, 0, 0, 0]"
jcoYJ4367,"[0, 0, 0, 0, 0, 0, 0, 0, 0]"
Yi4Ij5638,"[0, 0, 0, 0, 0, 0, 0, 0, 0]"
XkqCE1949,"[0, 0, 0, 0, 0, 0, 0, 0, 0]"
_xMr-1772,"[0, 0, 0, 0, 0, 0, 0, 0, 0]"
-esJr2818,"[0, 0, 0, 0, 0, 0, 0, 0, 0]"
RBCAB6565,"[0, 0, 0, 0, 0, 0, 0, 0, 0]"
LRw_o3230,"[0, 0, 0, 0, 0, 0, 0, 0, 0]"
J0nA44675,"[0, 0, 0, 0, 0, 0, 0, 0, 0]"
gzDba5102,"[0, 0, 0, 0, 0, 0, 0, 0, 0]"
EYqVt4683uGu_13058,"[0, 0, 0, 0, 1, 0, 0, 0, 0]"
EE-bN9960tmA_2010,"[0, 0, 0, 0, 1, 0, 0, 0, 0]"
Bhxk-7311,"[0, 0, 0, 0, 0, 0, 0, 0, 0]"
akI8Y2142,"[0, 0, 0, 0, 0, 0, 0, 0, 0]"
uGu_1610HT5vy9499,"[0, 0, 0, 0, 1, 0, 0, 0, 0]"
PJrm81224,"[0, 0, 0, 0, 0, 0, 0, 0, 0]"
eQu1r41890tmA_1702,"[0, 0, 0, 0, 1, 0, 0, 0, 0]"
oDXZc1422,"[0, 0, 0, 0, 0, 0, 0, 0, 0]"
gzDba586737rzW4364,"[0, 0, 0, 0, 1, 0, 0, 0, 0]"
i3wAG1652,"[0, 0, 0, 0, 0, 0, 0, 0, 0]"
NyBmC4359iVt07782,"[0, 0, 0, 0, 1, 0, 0, 0, 0]"
i3wAG2821xmEER50,"[0, 0, 0, 0, 1, 0, 0, 0, 0]"
XzYM31792,"[0, 0, 0, 0, 0, 0, 0, 0, 0]"
RBCAB1311,"[0, 0, 0, 0, 0, 0, 0, 0, 0]"
EYqVt27100tmA_1294,"[0, 0, 0, 0, 1, 0, 0, 0, 0]"
JgHub645LRw_o5536,"[0, 0, 0, 0, 1, 0, 0, 0, 0]"
VuWGs2794E11zD5170,"[0, 0, 0, 0, 1, 0, 0, 0, 0]"
iVt0730,"[0, 0, 0, 0, 0, 0, 0, 0, 0]"
kLxoN545,"[0, 0, 0, 0, 0, 0, 0, 0, 0]"
RBCAB7792,"[0, 0, 0, 0, 0, 0, 0, 0, 0]"
Hl-__4713,"[0, 0, 0, 0, 0, 0, 0, 0, 0]"
XzYM3612,"[0, 0, 0, 0, 0, 0, 0, 0, 0]"
0tmA_2950Se3ox1720,"[0, 0, 0, 0, 1, 0, 0, 0, 0]"
Wxtbj334,"[0, 0, 0, 0, 0, 0, 0, 0, 0]"
XzYM32499EYqVt5059,"[0, 0, 0, 0, 1, 0, 0, 0, 0]"
GsAD1250,"[0, 0, 0, 0, 0, 0, 0, 0, 0]"
vdmoE1979,"[0, 0, 0, 0, 0, 0, 0, 0, 0]"
PJrm85009,"[0, 0, 0, 0, 0, 0, 0, 0, 0]"
Bhxk-12304cjibt1697,"[0, 0, 0, 0, 1, 0, 0, 0, 0]"
WG0MB8757Hl-__1140,"[0, 0, 0, 0, 1, 0, 0, 0, 0]"
z_6gV1354byxOv1285,"[0, 0, 0, 0, 1, 0, 0, 0, 0]"
JKpqY3025,"[0, 0, 0, 0, 0, 0, 0, 0, 0]"
fWutD8995RBCAB2408,"[0, 0, 0, 0, 1, 0, 0, 0, 0]"
Hl-__4612,"[0, 0, 0, 0, 0, 0, 0, 0, 0]"
XkqCE1789byxOv1657,"[0, 0, 0, 0, 1, 0, 0, 0, 0]"
qqR6A116,"[0, 0, 0, 0, 0, 0, 0, 0, 0]"
91IHQ3097,"[0, 0, 0, 0, 0, 0, 0, 0, 0]"
WG0MB6234,"[0, 0, 0, 0, 0, 0, 0, 0, 0]"
91IHQ2348,"[0, 0, 0, 0, 0, 0, 0, 0, 0]"
vdmoE8384,"[0, 0, 0, 0, 0, 0, 0, 0, 0]"
Hl-__4323,"[0, 0, 0, 0, 0, 0, 0, 0, 0]"
xwqBX4802,"[0, 0, 0, 0, 0, 0, 0, 0, 0]"
-esJr5169,"[0, 0, 0, 0, 0, 0, 0, 0, 0]"
EE-bN2300,"[0, 0, 0, 0, 0, 0, 0, 0, 0]"
E11zD660,"[0, 0, 0, 0, 0, 0, 0, 0, 0]"
akI8Y2543XzYM31994,"[0, 0, 0, 0, 1, 0, 0, 0, 0]"
HT5vy1541sTEEL1571,"[0, 0, 0, 0, 1, 0, 0, 0, 0]"
z_6gV5839,"[0, 0, 0, 0, 0, 0, 0, 0, 0]"
4wU_L271,"[0, 0, 0, 0, 0, 0, 0, 0, 0]"
4wU_L1996Wxtbj4958,"[0, 0, 0, 0, 1, 0, 0, 0, 0]"
J0nA413949,"[0, 0, 0, 0, 0, 0, 0, 0, 0]"
jcoYJ1879,"[0, 0, 0, 0, 0, 0, 0, 0, 0]"
sTEEL325298Moy3175,"[0, 0, 0, 0, 1, 0, 0, 0, 0]"
byxOv3356,"[0, 0, 0, 0, 0, 0, 0, 0, 0]"
uGu_1220,"[0, 0, 0, 0, 0, 0, 0, 0, 0]"
byxOv279,"[0, 0, 0, 0, 0, 0, 0, 0, 0]"
xmEER4517,"[0, 0, 0, 0, 0, 0, 0, 0, 0]"
iVt07258,"[0, 0, 0, 0, 0, 0, 0, 0, 0]"
J0nA410490,"[0, 0, 0, 0, 0, 0, 0, 0, 0]"
PJrm82403Se3ox1765,"[0, 0, 0, 0, 1, 0, 0, 0, 0]"
LRw_o2249Bhxk-9179,"[0, 0, 0, 0, 1, 0, 0, 0, 0]"
fWutD9604,"[0, 0, 0, 0, 0, 0, 0, 0, 0]"
VuWGs2309,"[0, 0, 0, 0, 0, 0, 0, 0, 0]"
iVt072251fWutD12886,"[0, 0, 0, 0, 1, 0, 0, 0, 0]"
E11zD11220,"[0, 0, 0, 0, 0, 0, 0, 0, 0]"
EYqVt1286akI8Y3919,"[0, 0, 0, 0, 1, 0, 0, 0, 0]"
E11zD9052z_6gV5218,"[0, 0, 0, 0, 1, 0, 0, 0, 0]"
-esJr1329,"[0, 0, 0, 0, 0, 0, 0, 0, 0]"
91IHQ689cjibt3801,"[0, 0, 0, 0, 1, 0, 0, 0, 0]"
qqR6A2273Bhxk-7541,"[0, 0, 0, 0, 1, 0, 0, 0, 0]"
