gzDba3568,"[0, 0, 0, 0, 0, 0, 0, 0, 0]"
z_6gV698Hl-__393,"[0, 0, 0, 0, 0, 0, 1, 0, 0]"
b626M1388,"[0, 0, 0, 0, 0, 0, 0, 0, 0]"
qqR6A1678,"[0, 0, 0, 0, 0, 0, 0, 0, 0]"
Bhxk-11287WG0MB4058,"[0, 0, 0, 1, 0, 0, 0, 0, 0]"
cjibt1546,"[0, 0, 0, 0, 0, 0, 0, 0, 0]"
NyBmC396xwqBX618,"[0, 0, 0, 0, 0, 1, 0, 0, 0]"
VuWGs1422byxOv2676,"[0, 0, 1, 0, 0, 0, 0, 0, 0]"
sTEEL3691,"[0, 0, 0, 0, 0, 0, 0, 0, 0]"
sTEEL1111Wxtbj7131,"[0, 0, 1, 0, 0, 0, 0, 0, 0]"
_xMr-2382,"[0, 0, 0, 0, 0, 0, 0, 0, 0]"
z_6gV4744E11zD1917,"[0, 0, 0, 0, 0, 0, 0, 0, 1]"
kLxoN2736,"[0, 0, 0, 0, 0, 0, 0, 0, 0]"
E11zD5191,"[0, 0, 0, 0, 0, 0, 0, 0, 0]"
J0nA45955XzYM31992,"[0, 0, 0, 0, 0, 1, 0, 0, 0]"
EYqVt1249,"[0, 0, 0, 0, 0, 0, 0, 0, 0]"
LRw_o904,"[0, 0, 0, 0, 0, 0, 0, 0, 0]"
kLxoN10524wU_L263,"[0, 0, 0, 1, 0, 0, 0, 0, 0]"
J0nA43973z_6gV3520,"[0, 0, 0, 0, 1, 0, 0, 0, 0]"
-esJr2852,"[0, 0, 0, 0, 0, 0, 0, 0, 0]"
cjibt15181Wxtbj2145,"[0, 0, 0, 0, 0, 1, 0, 0, 0]"
J0nA48801,"[0, 0, 0, 0, 0, 0, 0, 0, 0]"
0tmA_2504,"[0, 0, 0, 0, 0, 0, 0, 0, 0]"
NyBmC2885qqR6A243,"[0, 1, 0, 0, 0, 0, 0, 0, 0]"
xwqBX109,"[0, 0, 0, 0, 0, 0, 0, 0, 0]"
iVt07271,"[0, 0, 0, 0, 0, 0, 0, 0, 0]"
-esJr5201,"[0, 0, 0, 0, 0, 0, 0, 0, 0]"
z_6gV3531cjibt16894,"[0, 0, 1, 0, 0, 0, 0, 0, 0]"
kLxoN277EE-bN2796,"[0, 0, 0, 0, 0, 1, 0, 0, 0]"
Wxtbj7619qqR6A1152,"[0, 0, 0, 0, 0, 0, 0, 0, 1]"
byxOv2974,"[0, 0, 0, 0, 0, 0, 0, 0, 0]"
PJrm8909,"[0, 0, 0, 0, 0, 0, 0, 0, 0]"
WG0MB6993JgHub1996,"[0, 0, 1, 0, 0, 0, 0, 0, 0]"
Bhxk-2420kLxoN2160,"[0, 0, 0, 0, 0, 0, 1, 0, 0]"
cjibt2451oDXZc6628,"[0, 0, 0, 1, 0, 0, 0, 0, 0]"
Hl-__1566,"[0, 0, 0, 0, 0, 0, 0, 0, 0]"
Bhxk-24840tmA_723,"[0, 1, 0, 0, 0, 0, 0, 0, 0]"
Se3ox25704wU_L3077,"[0, 0, 0, 0, 0, 0, 1, 0, 0]"
Yi4Ij92193eYKf2422,"[0, 0, 0, 0, 0, 1, 0, 0, 0]"
cjibt18623,"[0, 0, 0, 0, 0, 0, 0, 0, 0]"
PJrm87320tmA_2881,"[0, 0, 1, 0, 0, 0, 0, 0, 0]"
RBCAB10215kLxoN934,"[0, 0, 0, 0, 0, 0, 1, 0, 0]"
Bhxk-12520NyBmC2290,"[0, 0, 0, 0, 0, 1, 0, 0, 0]"
cjibt5976,"[0, 0, 0, 0, 0, 0, 0, 0, 0]"
LRw_o4158,"[0, 0, 0, 0, 0, 0, 0, 0, 0]"
WG0MB892,"[0, 0, 0, 0, 0, 0, 0, 0, 0]"
sTEEL4231,"[0, 0, 0, 0, 0, 0, 0, 0, 0]"
98Moy2513,"[0, 0, 0, 0, 0, 0, 0, 0, 0]"
xwqBX6899,"[0, 0, 0, 0, 0, 0, 0, 0, 0]"
XzYM32484,"[0, 0, 0, 0, 0, 0, 0, 0, 0]"
i3wAG2935,"[0, 0, 0, 0, 0, 0, 0, 0, 0]"
Bhxk-60843eYKf2952,"[0, 0, 0, 0, 0, 0, 1, 0, 0]"
xxdtq747,"[0, 0, 0, 0, 0, 0, 0, 0, 0]"
Yi4Ij2660,"[0, 0, 0, 0, 0, 0, 0, 0, 0]"
JKpqY1434Se3ox1051,"[0, 0, 0, 0, 0, 0, 0, 0, 1]"
RBCAB1592,"[0, 0, 0, 0, 0, 0, 0, 0, 0]"
gzDba5338PJrm81962,"[0, 0, 0, 0, 0, 0, 0, 1, 0]"
vdmoE8404akI8Y1840,"[0, 0, 0, 0, 0, 1, 0, 0, 0]"
xmEER11113,"[0, 0, 0, 0, 0, 0, 0, 0, 0]"
RBCAB9919Se3ox2853,"[0, 0, 0, 0, 0, 1, 0, 0, 0]"
HT5vy7908,"[0, 0, 0, 0, 0, 0, 0, 0, 0]"
fWutD2870Wxtbj991,"[0, 0, 0, 0, 0, 0, 0, 0, 1]"
GsAD12891,"[0, 0, 0, 0, 0, 0, 0, 0, 0]"
vdmoE165,"[0, 0, 0, 0, 0, 0, 0, 0, 0]"
E11zD3556,"[0, 0, 0, 0, 0, 0, 0, 0, 0]"
jcoYJ3816eQu1r4093,"[0, 0, 0, 1, 0, 0, 0, 0, 0]"
XkqCE3281Se3ox4,"[0, 0, 1, 0, 0, 0, 0, 0, 0]"
WG0MB3912,"[0, 0, 0, 0, 0, 0, 0, 0, 0]"
PJrm84658,"[0, 0, 0, 0, 0, 0, 0, 0, 0]"
gzDba1844,"[0, 0, 0, 0, 0, 0, 0, 0, 0]"
xwqBX3514iVt07834,"[0, 1, 0, 0, 0, 0, 0, 0, 0]"
vdmoE1884,"[0, 0, 0, 0, 0, 0, 0, 0, 0]"
b626M3104XkqCE539,"[0, 1, 0, 0, 0, 0, 0, 0, 0]"
xxdtq1564XkqCE3699,"[0, 0, 0, 0, 0, 0, 1, 0, 0]"
xwqBX3807kLxoN2073,"[0, 0, 0, 1, 0, 0, 0, 0, 0]"
xwqBX4276b626M4899,"[0, 0, 0, 0, 0, 0, 0, 1, 0]"
0tmA_9,"[0, 0, 0, 0, 0, 0, 0, 0, 0]"
Se3ox1622,"[0, 0, 0, 0, 0, 0, 0, 0, 0]"
VuWGs4477,"[0, 0, 0, 0, 0, 0, 0, 0, 0]"
RBCAB2161vdmoE452,"[0, 0, 0, 0, 0, 1, 0, 0, 0]"
-esJr1055,"[0, 0, 0, 0, 0, 0, 0, 0, 0]"
J0nA412063b626M2960,"[0, 0, 0, 0, 0, 0, 0, 1, 0]"
XzYM33065Yi4Ij2944,"[0, 0, 0, 0, 0, 0, 0, 1, 0]"
AwmHb392691IHQ1168,"[0, 0, 0, 0, 1, 0, 0, 0, 0]"
XkqCE3964LRw_o336,"[0, 0, 1, 0, 0, 0, 0, 0, 0]"
jcoYJ4184iVt07682,"[0, 0, 0, 0, 0, 0, 1, 0, 0]"
PJrm81850HT5vy6014,"[0, 0, 0, 1, 0, 0, 0, 0, 0]"
oDXZc9326,"[0, 0, 0, 0, 0, 0, 0, 0, 0]"
uGu_1119,"[0, 0, 0, 0, 0, 0, 0, 0, 0]"
b626M4114WG0MB7040,"[0, 1, 0, 0, 0, 0, 0, 0, 0]"
JKpqY1858,"[0, 0, 0, 0, 0, 0, 0, 0, 0]"
98Moy4300,"[0, 0, 0, 0, 0, 0, 0, 0, 0]"
xmEER6843,"[0, 0, 0, 0, 0, 0, 0, 0, 0]"
xwqBX3474akI8Y2951,"[0, 0, 0, 1, 0, 0, 0, 0, 0]"
EYqVt2978,"[0, 0, 0, 0, 0, 0, 0, 0, 0]"
NyBmC2955,"[0, 0, 0, 0, 0, 0, 0, 0, 0]"
fWutD12888,"[0, 0, 0, 0, 0, 0, 0, 0, 0]"
gzDba6019xxdtq1065,"[0, 0, 0, 0, 1, 0, 0, 0, 0]"
uGu_11178LRw_o317,"[0, 0, 0, 0, 1, 0, 0, 0, 0]"
37rzW4340,"[0, 0, 0, 0, 0, 0, 0, 0, 0]"
kLxoN2861,"[0, 0, 0, 0, 0, 0, 0, 0, 0]"
byxOv694akI8Y2612,"[0, 0, 0, 0, 0, 0, 1, 0, 0]"
sTEEL3125,"[0, 0, 0, 0, 0, 0, 0, 0, 0]"
xmEER13102,"[0, 0, 0, 0, 0, 0, 0, 0, 0]"
oDXZc4533sTEEL1344,"[0, 0, 0, 0, 0, 1, 0, 0, 0]"
Bhxk-9712,"[0, 0, 0, 0, 0, 0, 0, 0, 0]"
LRw_o4815Hl-__4350,"[0, 0, 0, 0, 1, 0, 0, 0, 0]"
iVt07404kLxoN586,"[0, 0, 0, 0, 0, 1, 0, 0, 0]"
fWutD2026,"[0, 0, 0, 0, 0, 0, 0, 0, 0]"
akI8Y2887kLxoN978,"[0, 0, 0, 1, 0, 0, 0, 0, 0]"
i3wAG768eQu1r698,"[0, 0, 1, 0, 0, 0, 0, 0, 0]"
xxdtq2010,"[0, 0, 0, 0, 0, 0, 0, 0, 0]"
HT5vy3463,"[0, 0, 0, 0, 0, 0, 0, 0, 0]"
HT5vy2122qqR6A2047,"[0, 0, 0, 0, 0, 0, 1, 0, 0]"
JKpqY1726HT5vy2499,"[0, 0, 0, 0, 0, 1, 0, 0, 0]"
Yi4Ij816,"[0, 0, 0, 0, 0, 0, 0, 0, 0]"
Yi4Ij74823eYKf1412,"[0, 0, 0, 1, 0, 0, 0, 0, 0]"
AwmHb4032NyBmC332,"[0, 1, 0, 0, 0, 0, 0, 0, 0]"
xxdtq3004,"[0, 0, 0, 0, 0, 0, 0, 0, 0]"
Hl-__717,"[0, 0, 0, 0, 0, 0, 0, 0, 0]"
3eYKf400,"[0, 0, 0, 0, 0, 0, 0, 0, 0]"
sTEEL260byxOv1652,"[0, 0, 0, 0, 1, 0, 0, 0, 0]"
byxOv3466,"[0, 0, 0, 0, 0, 0, 0, 0, 0]"
sTEEL2599,"[0, 0, 0, 0, 0, 0, 0, 0, 0]"
LRw_o1494jcoYJ180,"[0, 0, 0, 0, 0, 1, 0, 0, 0]"
kLxoN3446,"[0, 0, 0, 0, 0, 0, 0, 0, 0]"
J0nA43402,"[0, 0, 0, 0, 0, 0, 0, 0, 0]"
jcoYJ1225,"[0, 0, 0, 0, 0, 0, 0, 0, 0]"
NyBmC1449,"[0, 0, 0, 0, 0, 0, 0, 0, 0]"
kLxoN483,"[0, 0, 0, 0, 0, 0, 0, 0, 0]"
qqR6A3552jcoYJ2276,"[0, 0, 0, 0, 0, 0, 1, 0, 0]"
_xMr-2891,"[0, 0, 0, 0, 0, 0, 0, 0, 0]"
i3wAG981,"[0, 0, 0, 0, 0, 0, 0, 0, 0]"
91IHQ730,"[0, 0, 0, 0, 0, 0, 0, 0, 0]"
oDXZc7498,"[0, 0, 0, 0, 0, 0, 0, 0, 0]"
oDXZc5898,"[0, 0, 0, 0, 0, 0, 0, 0, 0]"
kLxoN2336EE-bN189,"[0, 0, 0, 0, 0, 0, 0, 1, 0]"
GsAD1620,"[0, 0, 0, 0, 0, 0, 0, 0, 0]"
4wU_L2330,"[0, 0, 0, 0, 0, 0, 0, 0, 0]"
iVt0755PJrm83475,"[0, 1, 0, 0, 0, 0, 0, 0, 0]"
qqR6A3103,"[0, 0, 0, 0, 0, 0, 0, 0, 0]"
kLxoN3807,"[0, 0, 0, 0, 0, 0, 0, 0, 0]"
XzYM32831,"[0, 0, 0, 0, 0, 0, 0, 0, 0]"
Bhxk-803fWutD10176,"[0, 0, 0, 1, 0, 0, 0, 0, 0]"
eQu1r1289iVt07142,"[0, 0, 0, 0, 0, 0, 1, 0, 0]"
LRw_o2024,"[0, 0, 0, 0, 0, 0, 0, 0, 0]"
kLxoN2745,"[0, 0, 0, 0, 0, 0, 0, 0, 0]"
oDXZc1228,"[0, 0, 0, 0, 0, 0, 0, 0, 0]"
qqR6A5960xwqBX2312,"[0, 1, 0, 0, 0, 0, 0, 0, 0]"
37rzW243,"[0, 0, 0, 0, 0, 0, 0, 0, 0]"
98Moy3912,"[0, 0, 0, 0, 0, 0, 0, 0, 0]"
RBCAB6803EE-bN1303,"[0, 0, 1, 0, 0, 0, 0, 0, 0]"
oDXZc853,"[0, 0, 0, 0, 0, 0, 0, 0, 0]"
91IHQ2313RBCAB9791,"[0, 0, 0, 0, 0, 0, 0, 1, 0]"
JKpqY3054b626M3878,"[0, 0, 0, 0, 1, 0, 0, 0, 0]"
Se3ox121,"[0, 0, 0, 0, 0, 0, 0, 0, 0]"
Wxtbj604HT5vy8558,"[0, 0, 0, 1, 0, 0, 0, 0, 0]"
i3wAG908,"[0, 0, 0, 0, 0, 0, 0, 0, 0]"
GsAD1277291IHQ2738,"[0, 0, 0, 0, 0, 1, 0, 0, 0]"
37rzW1898RBCAB10046,"[0, 0, 0, 0, 0, 0, 0, 1, 0]"
RBCAB2114-esJr4130,"[0, 0, 0, 0, 1, 0, 0, 0, 0]"
Hl-__5150,"[0, 0, 0, 0, 0, 0, 0, 0, 0]"
xmEER3861EYqVt5099,"[0, 0, 0, 1, 0, 0, 0, 0, 0]"
PJrm85763,"[0, 0, 0, 0, 0, 0, 0, 0, 0]"
J0nA43403,"[0, 0, 0, 0, 0, 0, 0, 0, 0]"
XzYM3304WG0MB3450,"[0, 0, 0, 0, 0, 0, 0, 0, 1]"
AwmHb3388XkqCE3796,"[0, 0, 0, 0, 0, 0, 0, 0, 1]"
XzYM32704Hl-__3554,"[0, 0, 0, 0, 0, 0, 0, 1, 0]"
qqR6A1977,"[0, 0, 0, 0, 0, 0, 0, 0, 0]"
cjibt7007vdmoE6324,"[0, 0, 0, 0, 1, 0, 0, 0, 0]"
vdmoE9708,"[0, 0, 0, 0, 0, 0, 0, 0, 0]"
jcoYJ504,"[0, 0, 0, 0, 0, 0, 0, 0, 0]"
i3wAG4240,"[0, 0, 0, 0, 0, 0, 0, 0, 0]"
i3wAG2935,"[0, 0, 0, 0, 0, 0, 0, 0, 0]"
xmEER6343,"[0, 0, 0, 0, 0, 0, 0, 0, 0]"
Hl-__3505eQu1r2518,"[0, 0, 0, 0, 1, 0, 0, 0, 0]"
fWutD11565,"[0, 0, 0, 0, 0, 0, 0, 0, 0]"
Bhxk-6848,"[0, 0, 0, 0, 0, 0, 0, 0, 0]"
Wxtbj3728LRw_o5542,"[0, 0, 0, 0, 0, 0, 0, 1, 0]"
LRw_o2982eQu1r688,"[0, 1, 0, 0, 0, 0, 0, 0, 0]"
WG0MB1595,"[0, 0, 0, 0, 0, 0, 0, 0, 0]"
WG0MB4098Yi4Ij7106,"[0, 0, 0, 0, 1, 0, 0, 0, 0]"
NyBmC27084wU_L2060,"[0, 1, 0, 0, 0, 0, 0, 0, 0]"
akI8Y300,"[0, 0, 0, 0, 0, 0, 0, 0, 0]"
EYqVt2439Wxtbj6757,"[0, 0, 1, 0, 0, 0, 0, 0, 0]"
xxdtq2978,"[0, 0, 0, 0, 0, 0, 0, 0, 0]"
98Moy2428xwqBX5898,"[0, 0, 0, 0, 0, 0, 0, 0, 1]"
98Moy3260,"[0, 0, 0, 0, 0, 0, 0, 0, 0]"
PJrm82488NyBmC4001,"[0, 0, 0, 1, 0, 0, 0, 0, 0]"
AwmHb7935,"[0, 0, 0, 0, 0, 0, 0, 0, 0]"
37rzW2069,"[0, 0, 0, 0, 0, 0, 0, 0, 0]"
37rzW4011Yi4Ij3235,"[0, 0, 0, 0, 0, 0, 0, 1, 0]"
98Moy4073,"[0, 0, 0, 0, 0, 0, 0, 0, 0]"
AwmHb8568LRw_o2507,"[0, 0, 1, 0, 0, 0, 0, 0, 0]"
98Moy20524wU_L106,"[0, 0, 0, 0, 0, 0, 1, 0, 0]"
XkqCE3362,"[0, 0, 0, 0, 0, 0, 0, 0, 0]"
VuWGs1633,"[0, 0, 0, 0, 0, 0, 0, 0, 0]"
xmEER9290HT5vy3685,"[0, 0, 0, 1, 0, 0, 0, 0, 0]"
Wxtbj1847,"[0, 0, 0, 0, 0, 0, 0, 0, 0]"
J0nA45457oDXZc11048,"[0, 0, 1, 0, 0, 0, 0, 0, 0]"
VuWGs1563,"[0, 0, 0, 0, 0, 0, 0, 0, 0]"
sTEEL2351,"[0, 0, 0, 0, 0, 0, 0, 0, 0]"
_xMr-3004iVt071780,"[0, 0, 1, 0, 0, 0, 0, 0, 0]"
jcoYJ4649,"[0, 0, 0, 0, 0, 0, 0, 0, 0]"
Yi4Ij6642RBCAB6089,"[0, 0, 1, 0, 0, 0, 0, 0, 0]"
EYqVt2261PJrm82274,"[0, 0, 0, 0, 1, 0, 0, 0, 0]"
EE-bN556,"[0, 0, 0, 0, 0, 0, 0, 0, 0]"
0tmA_2592,"[0, 0, 0, 0, 0, 0, 0, 0, 0]"
Hl-__3994Yi4Ij5508,"[0, 0, 0, 0, 1, 0, 0, 0, 0]"
xmEER10613,"[0, 0, 0, 0, 0, 0, 0, 0, 0]"
_xMr-869qqR6A4375,"[0, 0, 0, 0, 0, 0, 0, 0, 1]"
XkqCE153,"[0, 0, 0, 0, 0, 0, 0, 0, 0]"
vdmoE586,"[0, 0, 0, 0, 0, 0, 0, 0, 0]"
Se3ox813HT5vy7426,"[0, 0, 0, 0, 0, 0, 0, 1, 0]"
sTEEL178,"[0, 0, 0, 0, 0, 0, 0, 0, 0]"
i3wAG3100VuWGs1595,"[0, 0, 0, 0, 0, 1, 0, 0, 0]"
Yi4Ij5974VuWGs1807,"[0, 0, 0, 0, 1, 0, 0, 0, 0]"
XzYM3231akI8Y1235,"[0, 0, 0, 1, 0, 0, 0, 0, 0]"
GsAD13878,"[0, 0, 0, 0, 0, 0, 0, 0, 0]"
GsAD1554,"[0, 0, 0, 0, 0, 0, 0, 0, 0]"
kLxoN1094xwqBX3490,"[0, 0, 1, 0, 0, 0, 0, 0, 0]"
Bhxk-11387Wxtbj7351,"[0, 1, 0, 0, 0, 0, 0, 0, 0]"
98Moy4595AwmHb134,"[0, 0, 0, 0, 0, 0, 0, 1, 0]"
qqR6A2364-esJr6359,"[0, 0, 0, 0, 0, 0, 0, 0, 1]"
qqR6A3565qqR6A2228,"[0, 0, 0, 0, 0, 0, 0, 1, 0]"
xxdtq3187xwqBX3123,"[0, 0, 0, 1, 0, 0, 0, 0, 0]"
WG0MB4335,"[0, 0, 0, 0, 0, 0, 0, 0, 0]"
EYqVt3108,"[0, 0, 0, 0, 0, 0, 0, 0, 0]"
4wU_L135391IHQ0,"[0, 0, 0, 0, 0, 0, 0, 1, 0]"
gzDba228GsAD11007,"[0, 0, 1, 0, 0, 0, 0, 0, 0]"
Bhxk-628RBCAB7884,"[0, 0, 1, 0, 0, 0, 0, 0, 0]"
NyBmC1949,"[0, 0, 0, 0, 0, 0, 0, 0, 0]"
Se3ox3522,"[0, 0, 0, 0, 0, 0, 0, 0, 0]"
PJrm84943,"[0, 0, 0, 0, 0, 0, 0, 0, 0]"
E11zD6280,"[0, 0, 0, 0, 0, 0, 0, 0, 0]"
cjibt985Wxtbj5661,"[0, 0, 0, 0, 1, 0, 0, 0, 0]"
Yi4Ij9032vdmoE2510,"[0, 1, 0, 0, 0, 0, 0, 0, 0]"
z_6gV6795,"[0, 0, 0, 0, 0, 0, 0, 0, 0]"
eQu1r2838,"[0, 0, 0, 0, 0, 0, 0, 0, 0]"
RBCAB8746PJrm86222,"[0, 0, 0, 1, 0, 0, 0, 0, 0]"
_xMr-2996,"[0, 0, 0, 0, 0, 0, 0, 0, 0]"
fWutD4532,"[0, 0, 0, 0, 0, 0, 0, 0, 0]"
37rzW4215,"[0, 0, 0, 0, 0, 0, 0, 0, 0]"
HT5vy2564HT5vy3773,"[0, 0, 0, 0, 0, 0, 1, 0, 0]"
i3wAG254akI8Y2919,"[0, 0, 0, 1, 0, 0, 0, 0, 0]"
akI8Y1005JgHub2547,"[0, 0, 0, 0, 0, 1, 0, 0, 0]"
4wU_L2747,"[0, 0, 0, 0, 0, 0, 0, 0, 0]"
J0nA43865,"[0, 0, 0, 0, 0, 0, 0, 0, 0]"
i3wAG3287,"[0, 0, 0, 0, 0, 0, 0, 0, 0]"
EYqVt1909EE-bN1722,"[0, 0, 0, 0, 0, 0, 0, 0, 1]"
GsAD11757,"[0, 0, 0, 0, 0, 0, 0, 0, 0]"
EYqVt1772JKpqY2786,"[0, 0, 0, 0, 1, 0, 0, 0, 0]"
3eYKf378698Moy1948,"[0, 0, 0, 0, 0, 0, 0, 0, 1]"
uGu_12318eQu1r4307,"[0, 1, 0, 0, 0, 0, 0, 0, 0]"
E11zD8738,"[0, 0, 0, 0, 0, 0, 0, 0, 0]"
iVt07480GsAD11917,"[0, 0, 0, 0, 0, 0, 1, 0, 0]"
J0nA45718_xMr-1881,"[0, 0, 0, 0, 0, 0, 0, 1, 0]"
eQu1r4393,"[0, 0, 0, 0, 0, 0, 0, 0, 0]"
Bhxk-2304qqR6A7379,"[0, 0, 0, 0, 1, 0, 0, 0, 0]"
J0nA48299-esJr3572,"[0, 0, 0, 1, 0, 0, 0, 0, 0]"
JKpqY244491IHQ1356,"[0, 1, 0, 0, 0, 0, 0, 0, 0]"
4wU_L2416JKpqY2573,"[0, 0, 0, 0, 1, 0, 0, 0, 0]"
Se3ox965,"[0, 0, 0, 0, 0, 0, 0, 0, 0]"
Yi4Ij3435b626M1198,"[0, 0, 0, 1, 0, 0, 0, 0, 0]"
byxOv1384WG0MB3862,"[0, 0, 0, 1, 0, 0, 0, 0, 0]"
byxOv2602,"[0, 0, 0, 0, 0, 0, 0, 0, 0]"
fWutD4074gzDba1566,"[0, 0, 0, 0, 0, 1, 0, 0, 0]"
Hl-__2293,"[0, 0, 0, 0, 0, 0, 0, 0, 0]"
cjibt17958,"[0, 0, 0, 0, 0, 0, 0, 0, 0]"
37rzW5506oDXZc3164,"[0, 0, 0, 0, 0, 1, 0, 0, 0]"
NyBmC3021fWutD14881,"[0, 0, 1, 0, 0, 0, 0, 0, 0]"
akI8Y3113byxOv128,"[0, 0, 0, 0, 0, 0, 0, 0, 1]"
WG0MB6865byxOv231,"[0, 0, 0, 0, 1, 0, 0, 0, 0]"
kLxoN2502,"[0, 0, 0, 0, 0, 0, 0, 0, 0]"
J0nA49342,"[0, 0, 0, 0, 0, 0, 0, 0, 0]"
Hl-__642,"[0, 0, 0, 0, 0, 0, 0, 0, 0]"
37rzW5478,"[0, 0, 0, 0, 0, 0, 0, 0, 0]"
jcoYJ38480tmA_2895,"[0, 0, 0, 0, 0, 1, 0, 0, 0]"
gzDba2206,"[0, 0, 0, 0, 0, 0, 0, 0, 0]"
_xMr-732JgHub930,"[0, 0, 0, 0, 0, 1, 0, 0, 0]"
EYqVt1161XzYM32772,"[0, 0, 0, 0, 0, 1, 0, 0, 0]"
qqR6A3832fWutD1969,"[0, 0, 0, 0, 0, 0, 1, 0, 0]"
NyBmC3662,"[0, 0, 0, 0, 0, 0, 0, 0, 0]"
Se3ox2414,"[0, 0, 0, 0, 0, 0, 0, 0, 0]"
PJrm85077,"[0, 0, 0, 0, 0, 0, 0, 0, 0]"
3eYKf1142cjibt19332,"[0, 0, 1, 0, 0, 0, 0, 0, 0]"
Bhxk-4052,"[0, 0, 0, 0, 0, 0, 0, 0, 0]"
4wU_L1945jcoYJ2896,"[0, 0, 1, 0, 0, 0, 0, 0, 0]"
LRw_o3276,"[0, 0, 0, 0, 0, 0, 0, 0, 0]"
byxOv1069gzDba223,"[0, 0, 0, 0, 0, 0, 1, 0, 0]"
kLxoN3262PJrm862,"[0, 0, 0, 0, 1, 0, 0, 0, 0]"
98Moy4414,"[0, 0, 0, 0, 0, 0, 0, 0, 0]"
E11zD6144xwqBX1371,"[0, 1, 0, 0, 0, 0, 0, 0, 0]"
RBCAB8492LRw_o1760,"[0, 0, 1, 0, 0, 0, 0, 0, 0]"
xxdtq3348,"[0, 0, 0, 0, 0, 0, 0, 0, 0]"
0tmA_2203,"[0, 0, 0, 0, 0, 0, 0, 0, 0]"
-esJr1359_xMr-928,"[0, 0, 0, 0, 0, 0, 0, 1, 0]"
xwqBX3154XzYM3240,"[0, 0, 1, 0, 0, 0, 0, 0, 0]"
eQu1r3928AwmHb5345,"[0, 0, 0, 1, 0, 0, 0, 0, 0]"
_xMr-2783jcoYJ4132,"[0, 0, 0, 0, 0, 0, 1, 0, 0]"
NyBmC3538,"[0, 0, 0, 0, 0, 0, 0, 0, 0]"
_xMr-3867WG0MB8531,"[0, 0, 1, 0, 0, 0, 0, 0, 0]"
Wxtbj7253,"[0, 0, 0, 0, 0, 0, 0, 0, 0]"
oDXZc4233,"[0, 0, 0, 0, 0, 0, 0, 0, 0]"
vdmoE5587,"[0, 0, 0, 0, 0, 0, 0, 0, 0]"
Wxtbj190J0nA41960,"[0, 0, 0, 0, 1, 0, 0, 0, 0]"
J0nA48494,"[0, 0, 0, 0, 0, 0, 0, 0, 0]"
37rzW3121xwqBX2677,"[0, 0, 1, 0, 0, 0, 0, 0, 0]"
91IHQ1206oDXZc7190,"[0, 0, 0, 0, 0, 0, 1, 0, 0]"
_xMr-802,"[0, 0, 0, 0, 0, 0, 0, 0, 0]"
akI8Y80Se3ox4086,"[0, 0, 0, 1, 0, 0, 0, 0, 0]"
_xMr-3515,"[0, 0, 0, 0, 0, 0, 0, 0, 0]"
NyBmC1604akI8Y3229,"[0, 0, 1, 0, 0, 0, 0, 0, 0]"
JgHub4204,"[0, 0, 0, 0, 0, 0, 0, 0, 0]"
z_6gV2344wU_L791,"[0, 0, 0, 0, 0, 0, 0, 0, 1]"
0tmA_1589xmEER9630,"[0, 0, 0, 0, 0, 0, 1, 0, 0]"
AwmHb8546,"[0, 0, 0, 0, 0, 0, 0, 0, 0]"
RBCAB7418,"[0, 0, 0, 0, 0, 0, 0, 0, 0]"
XkqCE793oDXZc8787,"[0, 0, 0, 1, 0, 0, 0, 0, 0]"
0tmA_2148Wxtbj6070,"[0, 0, 0, 0, 0, 1, 0, 0, 0]"
xxdtq3284,"[0, 0, 0, 0, 0, 0, 0, 0, 0]"
b626M1772_xMr-2687,"[0, 0, 0, 0, 0, 0, 1, 0, 0]"
vdmoE429b626M460,"[0, 0, 0, 0, 0, 0, 1, 0, 0]"
gzDba6800E11zD5874,"[0, 0, 0, 0, 0, 0, 1, 0, 0]"
LRw_o2878XkqCE4492,"[0, 1, 0, 0, 0, 0, 0, 0, 0]"
xmEER3994,"[0, 0, 0, 0, 0, 0, 0, 0, 0]"
gzDba239EE-bN2652,"[0, 0, 0, 0, 0, 0, 0, 0, 1]"
4wU_L719,"[0, 0, 0, 0, 0, 0, 0, 0, 0]"
akI8Y2932,"[0, 0, 0, 0, 0, 0, 0, 0, 0]"
uGu_12025JKpqY1971,"[0, 0, 1, 0, 0, 0, 0, 0, 0]"
EE-bN2783,"[0, 0, 0, 0, 0, 0, 0, 0, 0]"
jcoYJ4329,"[0, 0, 0, 0, 0, 0, 0, 0, 0]"
XzYM3798Bhxk-3797,"[0, 0, 0, 0, 0, 0, 0, 0, 1]"
37rzW3463gzDba4406,"[0, 0, 1, 0, 0, 0, 0, 0, 0]"
XkqCE1780NyBmC718,"[0, 0, 0, 0, 0, 1, 0, 0, 0]"
JgHub918E11zD1547,"[0, 0, 0, 0, 0, 0, 0, 1, 0]"
EYqVt2296gzDba2297,"[0, 0, 1, 0, 0, 0, 0, 0, 0]"
98Moy492,"[0, 0, 0, 0, 0, 0, 0, 0, 0]"
akI8Y3656WG0MB6151,"[0, 0, 0, 0, 0, 0, 0, 1, 0]"
i3wAG127-esJr762,"[0, 0, 0, 1, 0, 0, 0, 0, 0]"
byxOv33504wU_L1685,"[0, 0, 0, 1, 0, 0, 0, 0, 0]"
Yi4Ij601LRw_o3470,"[0, 0, 0, 0, 0, 1, 0, 0, 0]"
37rzW668,"[0, 0, 0, 0, 0, 0, 0, 0, 0]"
xwqBX1732AwmHb384,"[0, 0, 0, 1, 0, 0, 0, 0, 0]"
98Moy2227,"[0, 0, 0, 0, 0, 0, 0, 0, 0]"
Hl-__4258i3wAG4064,"[0, 0, 1, 0, 0, 0, 0, 0, 0]"
_xMr-639,"[0, 0, 0, 0, 0, 0, 0, 0, 0]"
LRw_o4202,"[0, 0, 0, 0, 0, 0, 0, 0, 0]"
JKpqY1926,"[0, 0, 0, 0, 0, 0, 0, 0, 0]"
AwmHb1775gzDba683,"[0, 0, 0, 0, 1, 0, 0, 0, 0]"
4wU_L2021,"[0, 0, 0, 0, 0, 0, 0, 0, 0]"
-esJr23437rzW4375,"[0, 1, 0, 0, 0, 0, 0, 0, 0]"
4wU_L2532fWutD11864,"[0, 0, 0, 0, 0, 0, 1, 0, 0]"
37rzW3246,"[0, 0, 0, 0, 0, 0, 0, 0, 0]"
3eYKf4360,"[0, 0, 0, 0, 0, 0, 0, 0, 0]"
Se3ox908iVt072039,"[0, 0, 0, 1, 0, 0, 0, 0, 0]"
iVt071642NyBmC582,"[0, 0, 0, 0, 0, 0, 1, 0, 0]"
NyBmC2078xwqBX6069,"[0, 0, 0, 0, 0, 0, 1, 0, 0]"
qqR6A5807,"[0, 0, 0, 0, 0, 0, 0, 0, 0]"
NyBmC2284VuWGs1676,"[0, 0, 0, 0, 1, 0, 0, 0, 0]"
37rzW1835akI8Y1495,"[0, 0, 1, 0, 0, 0, 0, 0, 0]"
gzDba6321,"[0, 0, 0, 0, 0, 0, 0, 0, 0]"
oDXZc6387,"[0, 0, 0, 0, 0, 0, 0, 0, 0]"
HT5vy7306,"[0, 0, 0, 0, 0, 0, 0, 0, 0]"
i3wAG3662,"[0, 0, 0, 0, 0, 0, 0, 0, 0]"
b626M3862,"[0, 0, 0, 0, 0, 0, 0, 0, 0]"
i3wAG1040,"[0, 0, 0, 0, 0, 0, 0, 0, 0]"
JgHub619,"[0, 0, 0, 0, 0, 0, 0, 0, 0]"
Bhxk-6870,"[0, 0, 0, 0, 0, 0, 0, 0, 0]"
3eYKf4349,"[0, 0, 0, 0, 0, 0, 0, 0, 0]"
i3wAG84E11zD4315,"[0, 1, 0, 0, 0, 0, 0, 0, 0]"
_xMr-1782,"[0, 0, 0, 0, 0, 0, 0, 0, 0]"
E11zD756akI8Y665,"[0, 0, 0, 0, 0, 0, 0, 1, 0]"
XzYM32344PJrm84140,"[0, 1, 0, 0, 0, 0, 0, 0, 0]"
WG0MB49690tmA_1775,"[0, 1, 0, 0, 0, 0, 0, 0, 0]"
PJrm83412,"[0, 0, 0, 0, 0, 0, 0, 0, 0]"
i3wAG1607,"[0, 0, 0, 0, 0, 0, 0, 0, 0]"
oDXZc7463,"[0, 0, 0, 0, 0, 0, 0, 0, 0]"
eQu1r1381NyBmC2913,"[0, 0, 0, 0, 0, 0, 0, 0, 1]"
E11zD1475891IHQ2002,"[0, 0, 0, 0, 0, 0, 0, 0, 1]"
xmEER2865XzYM31407,"[0, 0, 0, 0, 0, 0, 1, 0, 0]"
3eYKf1368Hl-__988,"[0, 0, 1, 0, 0, 0, 0, 0, 0]"
91IHQ1115xxdtq389,"[0, 0, 0, 1, 0, 0, 0, 0, 0]"
i3wAG3029XzYM33237,"[0, 0, 0, 0, 0, 1, 0, 0, 0]"
-esJr2154z_6gV4154,"[0, 0, 1, 0, 0, 0, 0, 0, 0]"
byxOv616,"[0, 0, 0, 0, 0, 0, 0, 0, 0]"
oDXZc6033,"[0, 0, 0, 0, 0, 0, 0, 0, 0]"
_xMr-3052,"[0, 0, 0, 0, 0, 0, 0, 0, 0]"
JKpqY2415byxOv497,"[0, 1, 0, 0, 0, 0, 0, 0, 0]"
gzDba386,"[0, 0, 0, 0, 0, 0, 0, 0, 0]"
kLxoN1657,"[0, 0, 0, 0, 0, 0, 0, 0, 0]"
oDXZc9109iVt071727,"[0, 0, 0, 0, 0, 0, 1, 0, 0]"
sTEEL4043VuWGs2221,"[0, 0, 0, 0, 0, 0, 0, 0, 1]"
PJrm8947,"[0, 0, 0, 0, 0, 0, 0, 0, 0]"
LRw_o5370Yi4Ij2627,"[0, 0, 0, 1, 0, 0, 0, 0, 0]"
GsAD12449,"[0, 0, 0, 0, 0, 0, 0, 0, 0]"
0tmA_1315iVt071922,"[0, 0, 0, 0, 0, 0, 0, 0, 1]"
EYqVt704,"[0, 0, 0, 0, 0, 0, 0, 0, 0]"
iVt07763EYqVt4088,"[0, 0, 0, 0, 0, 0, 0, 0, 1]"
VuWGs1621iVt07743,"[0, 0, 0, 0, 1, 0, 0, 0, 0]"
